MolID,A2_pore/wt,A2_pd3-pore/wt,BalabanJ,BertzCT,Chi0,Chi1,Chi0n,Chi1n,Chi2n,Chi3n,Chi4n,Chi0v,Chi1v,Chi2v,Chi3v,Chi4v,EState_VSA1,EState_VSA2,EState_VSA3,EState_VSA4,EState_VSA5,EState_VSA6,EState_VSA7,EState_VSA8,EState_VSA9,EState_VSA10,EState_VSA11,ExactMolWt,FpDensityMorgan1,FpDensityMorgan2,FpDensityMorgan3,FractionCSP3,HallKierAlpha,HeavyAtomCount,HeavyAtomMolWt,Ipc,Kappa1,Kappa2,Kappa3,LabuteASA,MaxAbsEStateIndex,MaxAbsPartialCharge,MaxEStateIndex,MaxPartialCharge,MinAbsEStateIndex,MinAbsPartialCharge,MinEStateIndex,MinPartialCharge,MolLogP,MolMR,MolWt,NHOHCount,NOCount,NumAliphaticCarbocycles,NumAliphaticHeterocycles,NumAliphaticRings,NumAromaticCarbocycles,NumAromaticHeterocycles,NumAromaticRings,NumHAcceptors,NumHDonors,NumHeteroatoms,NumRadicalElectrons,NumRotatableBonds,NumSaturatedCarbocycles,NumSaturatedHeterocycles,NumSaturatedRings,NumValenceElectrons,PEOE_VSA1,PEOE_VSA2,PEOE_VSA3,PEOE_VSA4,PEOE_VSA5,PEOE_VSA6,PEOE_VSA7,PEOE_VSA8,PEOE_VSA9,PEOE_VSA10,PEOE_VSA11,PEOE_VSA12,PEOE_VSA13,PEOE_VSA14,RingCount,SMR_VSA1,SMR_VSA2,SMR_VSA3,SMR_VSA4,SMR_VSA5,SMR_VSA6,SMR_VSA7,SMR_VSA8,SMR_VSA9,SMR_VSA10,SlogP_VSA1,SlogP_VSA2,SlogP_VSA3,SlogP_VSA4,SlogP_VSA5,SlogP_VSA6,SlogP_VSA7,SlogP_VSA8,SlogP_VSA9,SlogP_VSA10,SlogP_VSA11,SlogP_VSA12,TPSA,VSA_EState1,VSA_EState2,VSA_EState3,VSA_EState4,VSA_EState5,VSA_EState6,VSA_EState7,VSA_EState8,VSA_EState9,VSA_EState10,qed,fr_Al_COO,fr_Al_OH,fr_Al_OH_noTert,fr_ArN,fr_Ar_COO,fr_Ar_N,fr_Ar_NH,fr_Ar_OH,fr_COO,fr_COO2,fr_C_O,fr_C_O_noCOO,fr_C_S,fr_HOCCN,fr_Imine,fr_NH0,fr_NH1,fr_NH2,fr_N_O,fr_Ndealkylation1,fr_Ndealkylation2,fr_Nhpyrrole,fr_SH,fr_aldehyde,fr_alkyl_carbamate,fr_alkyl_halide,fr_allylic_oxid,fr_amide,fr_amidine,fr_aniline,fr_aryl_methyl,fr_azide,fr_azo,fr_barbitur,fr_benzene,fr_benzodiazepine,fr_bicyclic,fr_diazo,fr_dihydropyridine,fr_epoxide,fr_ester,fr_ether,fr_furan,fr_guanido,fr_halogen,fr_hdrzine,fr_hdrzone,fr_imidazole,fr_imide,fr_isocyan,fr_isothiocyan,fr_ketone,fr_ketone_Topliss,fr_lactam,fr_lactone,fr_methoxy,fr_morpholine,fr_nitrile,fr_nitro,fr_nitro_arom,fr_nitro_arom_nonortho,fr_nitroso,fr_oxazole,fr_oxime,fr_para_hydroxylation,fr_phenol,fr_phenol_noOrthoHbond,fr_phos_acid,fr_phos_ester,fr_piperdine,fr_piperzine,fr_priamide,fr_prisulfonamd,fr_pyridine,fr_quatN,fr_sulfide,fr_sulfonamd,fr_sulfone,fr_term_acetylene,fr_tetrazole,fr_thiazole,fr_thiocyan,fr_thiophene,fr_unbrch_alkane,fr_urea,Asphericity,Eccentricity,InertialShapeFactor,NPR1,NPR2,PMI1,PMI2,PMI3,RadiusOfGyration,SpherocityIndex
1500272,1.374142,1.818078,1.429,1053.463,24.526,17.092,21.986,13.271,10.508,8.949,7.085,21.986,13.271,10.508,8.949,7.085,0,0,18.002,48.302,54.606,33.339,0,36.506,18.947,0,0,482.313,0.8,1.4,2.029,0.586,-2.44,35,440.329,115094405.7,24.263,10.275,4.468,209.439,5.691,0.493,5.691,0.161,0.479,0.161,0.479,-0.493,2.5,135.976,482.665,3,6,0,3,3,2,0,2,4,2,6,0,7,0,1,1,190,29.164,0,0,0,0,6.924,47.731,42.728,48.073,12.084,22.998,0,0,0,5,29.164,0,0,11.836,51.112,48.073,46.519,0,22.998,0,29.164,48.073,12.842,11.836,60.524,24.265,0,0,0,0,22.998,0,57.97,22.561,1.757,2.558,5.777,4.872,9.947,5.916,6.004,6.941,0,0.637,0,0,0,0,0,0,0,0,0,0,0,0,0,0,0,0,1,1,0,0,0,0,0,0,0,0,0,0,0,0,0,0,0,0,2,0,4,0,0,0,0,4,0,0,0,0,0,0,0,0,0,0,0,0,0,4,0,0,0,0,0,0,0,0,0,0,0,0,0,1,0,0,0,0,2,0,0,0,0,0,0,0,0,0,0,0.29,0.93,0,0.36,0.83,3154.07,7485.3,8960.4,4.71,0.26
1501007,1.653595,1.830065,1.868,592.306,16.113,10.436,12.477,7.26,5.618,3.565,2.395,12.477,7.26,5.618,3.565,2.395,6.104,23.29,12.108,11.984,18.199,12.133,17.45,6.924,0,20.426,0,304.154,0.909,1.5,2.091,0.294,-2.24,22,282.19,72751.203,16.136,7.154,4.648,129.04,10.134,0.508,10.134,0.128,0.064,0.128,-0.764,-0.508,1.031,82.797,304.366,6,5,0,0,0,2,0,2,4,5,5,0,6,0,0,0,118,25.743,0,0,0,0,12.133,42.316,12.487,6.042,29.897,0,0,0,0,2,25.743,0,0,0,25.49,6.545,53.591,0,17.249,0,5.317,33.013,6.421,0,24.155,42.465,0,0,0,0,17.249,0,97.53,0,0,40.274,1.608,0.122,11.454,0.054,2.488,0,0,0.55,0,1,1,0,0,0,0,3,0,0,0,0,0,0,0,0,0,1,0,0,0,0,0,0,0,0,0,0,0,0,0,0,0,0,2,0,0,0,0,0,0,0,0,0,0,0,0,0,0,0,0,0,0,0,0,0,0,0,0,0,0,0,0,0,0,3,3,0,0,0,0,0,0,0,1,0,0,0,0,0,0,0,0,0,0,0.61,0.98,0.001,0.16,0.93,794.2,4993.82,5322.33,4.43,0.13
1501150,1.263575,1.288084,2.143,675.3,17.035,10.863,13.464,7.701,5.718,4.335,3.048,14.28,9.247,7.28,5.246,3.588,10.023,16.366,18.336,25.931,30.209,0,0,12.241,9.876,13.212,0,342.148,1.478,2.217,2.826,0.533,-1.64,23,318.249,143168.999,17.71,7.287,4.213,136.395,12.419,0.496,12.419,0.255,0.106,0.255,-3.867,-0.496,-0.86,86.093,342.441,4,7,0,1,1,1,0,1,4,3,8,0,6,0,1,1,128,14.954,4.795,13.557,0,0,0,25.123,12.842,37.203,11.791,0,10.023,5.907,0,2,22.849,0,5.317,5.139,30.703,26.744,23.763,0,5.75,15.93,20.093,47.111,10.023,0,30.123,23.095,0,0,0,0,5.75,0,102.93,28.063,13.795,8.007,0.176,-0.032,4.415,2.242,4.852,-2.434,0,0.626,0,0,0,0,0,0,0,0,0,0,1,1,0,0,0,0,2,1,0,1,1,0,0,0,0,0,0,1,0,0,0,0,0,0,1,0,0,0,0,0,0,1,0,0,0,0,0,0,0,0,0,0,0,0,0,1,0,0,0,0,0,0,0,0,0,0,0,0,0,0,0,0,0,0,1,0,1,0,0,0,0,0,0,0,0,0.4,0.96,0.001,0.27,0.81,1211.39,3612.58,4454.32,3.82,0.13
1503100,1.068571,0.906404,1.453,912.788,20.096,13.507,16.903,9.734,7.208,5.436,3.662,16.903,9.734,7.208,5.436,3.662,0,11.249,5.818,61.693,17.681,19.057,18.199,16.283,4.737,9.589,0,388.234,1.107,1.821,2.536,0.5,-2.74,28,358.252,2196298.137,20.006,8.966,4.386,164.497,11.952,0.495,11.952,0.332,0.288,0.332,-0.312,-0.495,-0.7,110.801,388.492,2,8,0,1,1,1,1,2,7,2,8,0,7,0,1,1,152,19.853,13.929,4.795,0,0,12.133,12.133,33.127,45.521,11.567,0,0,5.559,5.69,3,9.637,0,9.134,14.095,6.421,56.595,51.17,0,5.75,11.505,31.102,55.513,14.095,0,6.421,39.921,0,0,0,11.505,5.75,0,72.94,8.056,27.69,3.22,0.564,1.499,9.634,0.98,5.981,4.876,0,0.614,0,0,0,0,0,2,0,0,0,0,0,0,0,0,0,3,2,0,0,0,0,0,0,0,0,0,0,0,0,2,0,0,0,0,1,0,0,0,0,0,0,1,0,0,0,0,0,0,0,0,0,0,0,0,0,1,0,0,0,0,0,0,0,0,2,0,0,0,0,0,1,0,0,0,1,0,0,0,0,0,0,0,0,1,0,0.5,0.96,0.001,0.24,0.92,1350.32,6512.23,6975.32,4.5,0.21
1503243,1.429834,1.796096,1.847,673.567,17.527,11.469,13.852,8.151,6.13,4.164,2.612,13.852,8.151,6.13,4.164,2.612,12.011,11.313,18.15,12.842,17.696,6.066,18.199,24.373,5.734,15.008,0,329.186,1.208,1.917,2.583,0.316,-2.37,24,304.22,222954.572,17.976,8.473,5.078,141.683,11.255,0.507,11.255,0.252,0.031,0.252,-0.72,-0.507,1.109,92.602,329.42,6,5,0,0,0,2,0,2,3,4,5,0,8,0,0,0,128,21.264,4.795,0,0,0,36.398,36.604,6.421,11.605,18.398,0,0,5.907,0,2,20.324,0,0,5.734,31.911,6.545,65.221,0,5.75,5.907,11.05,28.707,6.421,0,40.933,48.531,0,0,0,0,5.75,0,100.16,0,11.255,21.968,7.129,-0.875,15.119,1.293,2.611,0,0,0.583,0,1,1,0,0,0,0,1,0,0,1,1,0,0,0,0,0,2,0,0,0,0,0,0,0,0,0,1,0,0,1,0,0,0,2,0,0,0,0,0,0,0,0,0,0,0,0,0,0,0,0,0,0,0,0,0,0,0,0,0,0,0,0,0,0,1,0,0,0,0,0,1,0,0,1,0,0,0,0,0,0,0,0,0,0,0.63,0.98,0.001,0.15,0.93,890.41,6027.54,6455.6,4.67,0.11
1504185,1.594537,2.008353,1.467,1753.79,31.949,22.397,27.62,16.15,12.755,10.137,7.529,27.62,16.15,12.755,10.137,7.529,0,12.084,34.497,61.399,32.054,28.439,6.066,68.693,28.421,0,0,624.319,0.609,1.239,1.957,0.368,-4.4,46,580.426,31329552955,30.264,12.419,5.393,270.895,7.052,0.493,7.052,0.204,0.088,0.204,0.088,-0.493,4.328,175.929,624.778,2,8,0,4,4,4,0,4,6,2,8,0,4,0,0,0,240,38.221,0,0,0,0,18.199,64.718,31.247,61.187,17.833,34.497,5.75,0,0,8,38.221,0,0,0,37.767,55.624,94.044,0,45.996,0,38.221,55.624,25.683,0,45.464,60.664,0,0,0,0,45.996,0,64.26,37.169,2.872,0,7.335,5.544,21.543,3.534,2.032,11.304,0,0.353,0,0,0,0,0,0,0,0,0,0,0,0,0,0,0,0,2,0,0,2,0,0,0,0,0,0,0,0,0,0,0,0,0,0,4,0,2,0,0,0,0,6,0,0,0,0,0,0,0,0,0,0,0,0,0,4,0,0,0,0,0,0,0,0,0,0,0,0,0,0,0,0,0,0,2,0,0,0,0,0,0,0,0,0,0,0.14,0.84,0,0.54,0.74,5359.11,7237.5,9996.12,4.41,0.35
1505604,1.030116,1.728959,2.783,458.851,16.424,10.486,12.657,7.134,4.75,2.968,1.821,12.657,7.134,4.75,2.968,1.821,11.74,0,37.454,24.974,12.133,7.11,0,10.889,9.574,13.171,0,319.163,1.136,1.818,2.364,0.533,-1.6,22,297.171,60369.243,18.449,9.424,6.445,127.629,12.581,0.416,12.581,0.416,0.377,0.39,-4.335,-0.39,2.485,77.415,319.347,3,4,0,0,0,1,0,1,3,1,7,0,9,0,0,0,124,15.308,0,0,13.171,0,17.288,36.959,13.717,11.275,6.545,6.607,0,0,6.176,1,28.479,0,0,5.156,25.439,26.868,35.392,0,0,5.712,5.734,32.58,15.751,0,30.389,29.421,0,0,0,13.171,0,0,58.46,42.719,5.126,4.028,4.243,0,4.958,-2.044,1.593,1.627,0,0.432,0,0,0,0,0,0,0,0,0,0,0,0,0,0,0,1,0,0,0,0,0,0,0,0,0,3,0,0,0,0,0,0,0,0,1,0,0,0,0,0,0,1,0,0,3,0,0,0,0,0,0,0,0,0,0,1,0,0,0,0,0,0,0,1,0,0,0,0,0,0,0,0,0,0,1,0,0,0,0,0,0,0,0,3,0,0.48,0.97,0.001,0.23,0.86,1079.21,4079.05,4730.17,4.08,0.14
1505622,2.000235,2.10807,1.389,1288.743,23.493,16.581,18.92,11.744,8.796,6.432,4.589,19.736,12.56,9.848,7.633,5.827,0,17.282,17.734,32.821,43.689,47.364,24.265,0,4.737,15.008,0,474.173,0.882,1.588,2.324,0.25,-3.35,34,446.378,88638046.16,22.443,9.873,4.786,202.405,13.65,0.508,13.65,0.195,0.079,0.195,-0.079,-0.508,4.658,135.375,474.602,3,5,0,1,1,3,1,4,5,3,6,0,7,0,1,1,174,19.85,4.795,0,0,11.337,0,91.556,26.09,13.09,30.4,5.783,0,0,0,5,24.644,0,0,0,19.262,26.241,77.857,0,27.689,27.206,9.637,42.237,0,0,35.184,66.73,0,20.527,0,0,17.249,11.337,71.2,6.78,16.072,20.445,2.039,1.03,19.265,3.944,4.135,0,1.458,0.341,0,0,0,0,0,0,0,2,0,0,1,1,0,0,0,0,1,0,0,0,1,0,0,0,0,0,0,0,0,0,0,0,0,0,3,0,1,0,0,0,0,1,0,0,0,0,0,0,0,0,0,1,0,0,0,0,0,0,0,0,0,0,0,0,0,2,2,0,0,1,0,0,0,0,1,0,0,0,0,0,0,0,1,0,0,0.51,0.98,0.001,0.2,0.9,1901.84,8351.92,9267.73,4.67,0.15
1506043,0.871074,1.797639,2.646,468.601,13.759,8.277,10.921,5.868,4.727,2.429,1.525,11.737,7.76,6.476,3.036,2.089,16.127,0,18.274,11.819,0,24.265,5.317,18.57,0,13.524,0,273.127,1.278,1.833,2.278,0.5,-1.11,18,252.21,6210.359,14.949,6.173,5.483,108.276,11.031,0.382,11.031,0.229,0.436,0.229,-3.25,-0.382,0.063,71.797,273.378,4,5,0,0,0,1,0,1,3,3,6,0,6,0,0,0,102,10.423,4.722,8.418,0,0,12.133,31.544,5.687,12.298,12.649,0,10.023,0,0,1,18.841,0,0,0,25.993,17.523,29.829,0,0,15.711,10.039,32.367,10.023,0,25.515,24.265,0,0,0,5.687,0,0,83.01,24.443,0,11.972,1.284,0,7.189,0.563,4.716,-3.25,0,0.685,0,1,1,0,0,0,0,0,0,0,0,0,0,0,0,0,1,1,0,0,0,0,0,0,0,0,0,0,0,1,0,0,0,0,1,0,0,0,0,0,0,0,0,0,0,0,0,0,0,0,0,0,0,0,0,0,0,0,0,0,0,0,0,0,0,0,0,0,0,0,0,0,0,0,1,0,1,0,0,0,0,0,0,0,0,0.65,0.99,0.002,0.15,0.94,463,3333.23,3499.94,3.79,0.14
2300173,1.305157,1.750412,1.155,661.296,19.399,13.651,16.737,10.84,8.743,6.786,5.134,16.737,10.84,8.743,6.786,5.134,0,17.229,19.386,64.355,12.842,22.194,6.066,14.868,0,9.589,0,386.255,0.964,1.607,2.25,0.714,-2.02,28,354.264,3863909.265,19.303,8.554,4.346,166.66,12.515,0.332,12.515,0.229,0.011,0.229,0.011,-0.332,0.671,105.898,386.52,1,7,1,2,3,0,1,1,5,1,7,0,6,1,2,3,152,9.8,14.489,9.968,0,0,12.842,37.165,31.78,32.724,0,0,17.763,0,0,4,14.489,0,14.868,5.415,51.367,44.168,18.46,0,0,17.763,9.8,65.951,9.589,5.415,51.367,18.46,0,0,0,5.948,0,0,70.84,0,39.073,0,0.011,0.965,1.844,11.196,5.828,0,0,0.575,0,0,0,0,0,2,0,0,0,0,2,2,0,0,0,4,1,0,0,0,1,0,0,0,0,0,0,2,0,1,0,0,0,0,0,0,0,0,0,0,0,0,0,0,0,0,0,0,1,0,0,0,0,0,0,0,0,0,0,0,0,0,0,0,0,0,0,0,0,1,1,0,0,0,1,0,0,0,0,0,0,0,0,1,0,0.67,0.99,0.001,0.13,0.94,1019.46,7686.16,8173.09,4.87,0.09
2300307,1.423826,1.822676,2.023,938.204,24.433,15.842,21.157,11.507,8.808,6.547,4.317,21.157,11.507,8.808,6.547,4.317,5.415,5.918,11.499,49.414,10.463,28.439,30.332,33.031,18.947,5.262,0,455.29,0.848,1.424,1.97,0.519,-2.91,33,416.307,15777873.3,26.343,12.362,6.326,198.569,10.249,0.493,10.249,0.161,0.174,0.161,-0.566,-0.493,3.676,130.78,455.619,1,6,0,0,0,2,0,2,5,1,6,0,13,0,0,0,180,23.847,0,0,5.262,0,25.98,54.152,6.421,60.061,0,22.998,0,0,0,2,23.847,5.262,0,5.918,38.525,48.576,47.525,0,29.067,0,23.847,48.576,11.836,17.249,37.816,36.398,0,0,0,0,22.998,0,65.15,21.603,1.438,10.249,1.648,3.022,14.576,2.706,6.241,8.768,0,0.499,0,0,0,0,0,0,0,0,0,0,0,0,0,0,0,1,1,0,0,1,0,0,0,0,0,0,0,0,0,0,0,0,0,0,2,0,0,0,0,0,0,4,0,0,0,0,0,0,0,0,0,0,0,0,0,4,0,1,0,0,0,0,0,0,0,0,0,0,0,0,0,0,0,0,1,0,0,0,0,0,0,0,0,0,0,0.54,0.98,0,0.2,0.92,1964.45,9882.69,10635.96,5.18,0.17
ASD001,1.585234,1.151493,1.534,552.235,16.941,11.597,14.07,9.176,7.367,5.428,4.114,14.07,9.176,7.367,5.428,4.114,11.634,11.949,24.571,18.405,50.658,0,0,10.634,0,13.575,0,337.209,1.042,1.75,2.458,0.632,-1.49,24,310.218,307891.051,17.337,8.058,4.757,141.756,13.332,0.345,13.332,0.278,0.034,0.278,-0.588,-0.345,2.298,88.382,337.434,3,3,1,1,2,1,0,1,1,2,5,0,5,1,1,2,132,10.634,4.795,8.781,0,0,32.104,30.035,18.908,6.545,17.676,6.042,0,5.907,0,3,18.892,0,5.317,5.918,63.45,6.545,35.397,0,0,5.907,10.634,24.536,11.215,17.552,50.509,18.199,0,0,0,8.781,0,0,45.71,26.664,12.09,5.063,0.539,-0.376,3.566,9.426,0.694,0,0,0.851,0,0,0,0,0,0,0,0,0,0,1,1,0,0,0,0,1,1,0,0,0,0,0,0,0,0,0,1,0,0,0,0,0,0,1,0,0,0,0,0,0,0,0,0,2,0,0,0,0,0,0,0,0,0,0,0,0,0,0,0,0,0,0,0,0,0,0,0,0,0,1,0,0,0,1,0,0,0,0,0,0,0,0,0,0,0.46,0.96,0.001,0.25,0.84,1365.04,4971.97,5841.68,4.42,0.12
ASD002,1.132377,1.658498,1.534,552.235,16.941,11.597,14.07,9.176,7.367,5.428,4.114,14.07,9.176,7.367,5.428,4.114,11.634,11.949,24.571,18.405,50.658,0,0,10.634,0,13.575,0,337.209,1.042,1.75,2.458,0.632,-1.49,24,310.218,307891.051,17.337,8.058,4.757,141.756,13.332,0.345,13.332,0.278,0.034,0.278,-0.588,-0.345,2.298,88.382,337.434,3,3,1,1,2,1,0,1,1,2,5,0,5,1,1,2,132,10.634,4.795,8.781,0,0,32.104,30.035,18.908,6.545,17.676,6.042,0,5.907,0,3,18.892,0,5.317,5.918,63.45,6.545,35.397,0,0,5.907,10.634,24.536,11.215,17.552,50.509,18.199,0,0,0,8.781,0,0,45.71,26.664,12.09,5.063,0.539,-0.376,3.566,9.426,0.694,0,0,0.851,0,0,0,0,0,0,0,0,0,0,1,1,0,0,0,0,1,1,0,0,0,0,0,0,0,0,0,1,0,0,0,0,0,0,1,0,0,0,0,0,0,0,0,0,2,0,0,0,0,0,0,0,0,0,0,0,0,0,0,0,0,0,0,0,0,0,0,0,0,0,1,0,0,0,1,0,0,0,0,0,0,0,0,0,0,0.45,0.96,0.001,0.26,0.84,1332.5,4792.85,5618.07,4.34,0.13
ASD004,1.118632,1.37221,2.001,458.691,14.535,9.58,11.664,7.158,5.428,3.686,2.655,11.664,7.158,5.428,3.686,2.655,11.634,11.949,24.571,25.329,12.133,0,5.317,12.241,0,13.575,0,283.162,1.3,2,2.65,0.533,-1.49,20,262.174,30079.904,14.91,6.791,4,117.302,13.172,0.345,13.172,0.278,0.053,0.278,-0.598,-0.345,1.128,72.098,283.342,3,3,0,1,1,1,0,1,1,2,5,0,5,0,1,1,110,10.634,4.795,8.781,0,0,13.345,24.117,18.908,6.545,17.676,6.042,0,5.907,0,2,18.892,0,5.317,0,44.691,6.545,35.397,0,0,5.907,10.634,24.536,11.215,11.634,31.75,18.199,0,0,0,8.781,0,0,45.71,26.344,11.858,4.922,0.523,-1.25,3.487,3.643,2.807,0,0,0.836,0,0,0,0,0,0,0,0,0,0,1,1,0,0,0,0,1,1,0,0,0,0,0,0,0,0,0,1,0,0,0,0,0,0,1,0,0,0,0,0,0,0,0,0,2,0,0,0,0,0,0,0,0,0,0,0,0,0,0,0,0,0,0,0,0,0,0,0,0,0,1,0,0,0,1,0,0,0,0,0,0,0,0,0,0,0.47,0.97,0.001,0.24,0.84,857.66,3166.51,3746.88,3.85,0.11
ASD007,0.902782,0.70828,1.811,767.269,22.596,14.62,18.756,11.362,9.866,6.132,4.694,18.756,11.362,9.866,6.132,4.694,29.371,18.37,18.026,18.908,49.137,20.771,0,5.317,4.737,18.37,0,436.254,1.097,1.742,2.355,0.667,-2.18,31,402.271,5293527.236,23.482,9.962,6.648,183.066,13.715,0.444,13.715,0.411,0.027,0.411,-0.874,-0.444,4.972,114.53,436.543,1,5,1,1,2,1,0,1,3,1,7,0,5,1,1,2,172,10.054,9.694,13.575,0,0,32.104,57.227,19.032,6.042,23.277,0,5.907,0,6.093,3,23.107,0,10.217,5.918,89.823,6.545,35.397,0,0,12,5.317,41.13,15.952,17.552,71.28,18.199,0,0,0,13.575,0,0,58.64,33.052,27.393,2.891,-0.381,-1.097,2.118,7.406,5.702,0,0,0.709,0,0,0,0,0,0,0,0,0,0,2,2,0,0,0,1,1,0,0,0,0,0,0,0,0,0,0,2,0,0,0,0,0,0,1,0,0,0,0,0,0,1,0,0,2,0,0,0,0,0,0,0,0,0,0,0,0,0,0,0,0,0,0,0,0,0,0,0,0,0,1,0,0,0,0,0,0,0,0,0,0,0,0,0,0,0.32,0.94,0,0.34,0.8,2495.22,6003.47,7472.01,4.45,0.19
ASD012,1.079079,0.866627,2.378,666.175,20.734,13.263,17.688,10.214,8.421,4.874,3.621,17.688,10.214,8.421,4.874,3.621,17.736,11.949,19.51,24.826,0,10.976,56.003,13.503,4.737,9.589,0,386.257,1.286,1.964,2.536,0.565,-2.3,28,352.264,1107002.782,21.994,9.761,5.847,168.896,13.248,0.444,13.248,0.411,0.039,0.411,-0.606,-0.444,4.422,112.097,386.536,0,5,0,1,1,1,0,1,3,0,5,0,7,0,1,1,154,9.637,9.694,4.795,0,6.579,56.173,32.755,19.51,6.042,11.643,0,5.907,0,6.093,2,14.326,0,9.8,0,71.063,13.09,48.55,0,0,12,0,52.574,15.952,0,52.521,42.987,0,0,0,4.795,0,0,49.85,5.695,29.885,0,0.425,-0.039,9.232,4.714,12.506,0,0,0.652,0,0,0,0,0,0,0,0,0,0,2,2,0,0,0,2,0,0,0,0,0,0,0,0,0,0,0,2,0,0,0,0,0,0,1,0,0,0,0,0,0,1,0,0,0,0,0,0,0,0,0,0,0,0,0,0,0,0,0,0,0,0,0,0,0,0,0,0,0,0,1,0,0,0,0,0,0,0,0,0,0,0,0,0,0,0.1,0.8,0,0.6,0.8,2423.46,3247.86,4080.49,3.72,0.49
ASD019,0.702467,0.491147,1.618,721.135,14.397,10.237,11.634,7.397,5.814,4.552,3.492,11.634,7.397,5.814,4.552,3.492,6.042,17.856,12.966,29.308,0,4.9,30.462,10.301,0,9.589,0,283.132,1.238,2.095,3,0.375,-2.3,21,266.195,147229.757,12.441,4.616,1.918,121.863,12.516,0.361,12.516,0.246,0.003,0.246,-0.439,-0.361,1.2,78.668,283.331,2,5,0,2,2,1,1,2,2,2,5,0,2,0,2,2,108,15.201,9.589,0,0,0,18.199,24.471,30.065,0,12.084,0,11.814,0,0,4,9.589,0,15.201,0,31.346,6.545,36.026,0,0,22.717,5.317,40.327,16.01,0,18.405,30.462,0,10.903,0,0,0,0,65.2,0,29.588,4.01,2.128,0.055,7.33,4.18,0.71,0,0,0.87,0,0,0,0,0,1,1,0,0,0,2,2,0,0,0,1,2,0,0,0,0,1,0,0,0,0,0,2,0,0,0,0,0,0,1,0,2,0,0,0,0,0,0,0,0,0,0,0,0,0,0,0,0,0,0,0,0,0,0,0,0,0,0,0,1,0,0,0,0,0,1,0,0,0,0,0,0,0,0,0,0,0,0,0,0,0.48,0.96,0.001,0.24,0.88,651.06,2618.98,3005.03,3.43,0.14
ASD021,0.728519,0.604383,1.692,633.749,17.104,11.542,13.457,7.892,5.789,4.047,2.821,13.457,7.892,5.789,4.047,2.821,12.197,24.814,37.678,0,17.89,12.133,4.9,5.317,9.474,13.979,0,337.144,1.375,2.125,2.792,0.5,-2.35,24,317.191,354672.958,16.506,7.042,3.587,138.854,14.448,0.442,14.448,0.414,0.189,0.414,-0.538,-0.442,1.124,85.731,337.351,1,7,0,2,2,1,0,1,5,1,8,0,4,0,2,2,130,19.69,9.694,9.185,0,0,0,18.199,20.013,37.678,11.921,0,5.907,0,6.093,3,23.453,0,5.317,0,13.028,49.193,24.016,0,0,23.375,15.117,57.497,14.268,5.817,6.924,18.199,0,0,0,20.56,0,0,71.11,24.904,26.202,2.608,0.948,-0.571,4.715,-0.979,4.34,0,0,0.892,0,0,0,0,0,0,0,0,0,0,2,2,0,0,0,2,1,0,0,0,0,0,0,0,0,0,0,2,0,2,0,0,0,0,1,0,0,0,0,0,0,2,0,0,1,0,0,0,0,0,0,0,0,0,1,0,1,0,0,0,0,0,0,0,0,0,0,0,0,0,0,0,0,0,0,0,0,0,0,0,0,0,0,0,0,0.68,0.99,0.001,0.12,0.92,733.94,5580.75,6063.31,4.41,0.07
D300-0069,1.332776,1.713211,1.757,1041.587,20.474,13.192,17.575,9.478,8.272,4.909,3.185,17.575,9.478,8.272,4.909,3.185,0,11.229,12.356,28.891,5.563,30.339,30.332,32.154,9.474,4.795,0,384.228,0.929,1.607,2.286,0.409,-2.73,28,354.26,1580243.676,20.016,7.716,4.224,165.242,12.085,0.493,12.085,0.328,0.03,0.328,-0.03,-0.493,2.327,110.868,384.5,2,6,0,0,0,2,1,3,5,1,6,0,6,0,0,0,150,14.791,9.134,4.795,0,0,6.066,56.666,19.659,23.682,13.152,11.499,0,0,5.69,3,14.791,0,9.134,14.095,39.462,7.11,58.009,0,11.499,11.033,20.48,21.783,27.247,0,31.898,41.193,0,11.033,0,0,11.499,0,62,14.84,12.085,2.293,4.151,1.442,12.002,0,7.88,5.223,0,0.71,0,0,0,0,0,2,0,0,0,0,0,0,0,0,0,2,0,1,0,0,0,0,0,0,0,0,0,0,0,0,2,0,0,0,2,0,1,0,0,0,0,2,0,0,0,0,0,1,0,0,0,0,0,0,0,1,0,0,0,0,0,0,0,0,0,0,0,0,0,0,0,0,0,0,1,0,0,0,0,0,0,0,0,0,0,0.65,0.98,0.001,0.15,0.95,1077.67,7952.93,8315.4,4.93,0.14
D300-0109,1.835455,1.840606,1.403,1292.524,22.665,15.457,18.469,10.462,7.821,5.632,3.787,18.469,10.462,7.821,5.632,3.787,0,11.507,18.106,40.813,12.133,42.472,36.398,5.317,9.474,9.185,0,436.203,0.812,1.469,2.219,0.24,-3.58,32,409.291,20417556.86,21.644,9.278,4.525,185.37,13.019,0.493,13.019,0.328,0.049,0.328,-0.221,-0.493,2.867,121.219,436.507,2,6,0,0,0,3,1,4,5,1,7,0,8,0,0,0,166,14.791,9.134,9.185,0,0,18.199,48.028,25.222,18.143,25.514,11.499,0,0,5.69,4,19.181,0,9.134,14.095,19.696,7.11,93.656,0,11.499,11.033,20.48,16.244,33.792,5.817,16.69,65.458,0,11.033,0,4.39,11.499,0,62,27.835,12.124,2.155,4.866,1.115,18.338,0,1.906,5.161,0,0.462,0,0,0,0,0,2,0,0,0,0,0,0,0,0,0,2,0,1,0,0,0,0,0,0,0,0,0,0,0,0,2,0,0,0,3,0,1,0,0,0,0,2,0,0,1,0,0,1,0,0,0,0,0,0,0,1,0,0,0,0,0,0,0,0,0,0,0,0,0,0,0,0,0,0,1,0,0,0,0,0,0,0,0,0,0,0.64,0.98,0.001,0.15,0.94,1554.92,11470.41,12098.47,5.5,0.13
D372-0004,2.006103,2.048641,2.081,952.39,19.604,12.77,14.748,8.247,6.277,3.887,2.491,14.748,8.247,6.277,3.887,2.491,17.84,23.511,16.624,17.163,0,30.332,14.095,10.083,4.737,17.966,0,379.138,1.222,1.926,2.556,0.278,-2.94,27,361.218,1157823.58,18.839,7.355,4.081,152.736,13.508,0.456,13.508,0.433,0.1,0.433,-4.661,-0.456,1.716,91.385,379.362,1,6,0,0,0,1,2,3,5,1,9,0,5,0,0,0,142,9.637,0,14.294,18.27,0,30.332,6.066,5.563,25.986,18.715,11.341,0,0,12.146,3,27.603,0,14.598,0,6.176,27.247,53.852,0,11.257,11.616,4.9,47.814,10.913,0,16.052,42.595,0,16.905,0,13.171,0,0,60.93,46.291,17.618,3.712,-0.703,-0.753,9.356,-3.608,0.713,3.791,0,0.686,0,0,0,0,0,3,0,0,0,0,1,1,0,0,0,3,1,0,0,1,0,0,0,0,0,3,0,0,0,0,0,0,0,0,1,0,1,0,0,0,1,1,0,0,3,0,0,0,0,0,0,0,0,0,0,0,0,0,0,0,0,0,0,0,0,0,0,0,0,0,0,0,0,0,1,0,0,0,0,0,0,0,0,0,0,0.27,0.93,0,0.38,0.68,2210.79,3993.7,5847.34,4.08,0.09
D372-0005,1.734805,2.009177,1.999,968.464,20.311,13.27,15.455,8.747,6.631,4.106,2.734,15.455,8.747,6.631,4.106,2.734,17.84,23.511,16.5,18.808,4.9,30.332,14.095,10.083,4.737,17.966,0,393.153,1.214,1.929,2.571,0.316,-2.94,28,373.229,1902115.521,19.811,7.972,4.304,159.101,13.541,0.462,13.541,0.433,0.097,0.433,-4.66,-0.462,2.107,96.002,393.389,1,6,0,0,0,1,2,3,5,1,9,0,6,0,0,0,148,9.637,0,14.294,18.27,0,30.332,6.066,11.984,39.138,5.563,11.341,0,0,12.146,3,27.603,0,14.598,0,12.597,27.247,53.852,0,11.257,11.616,4.9,47.814,10.913,0,22.473,42.595,0,16.905,0,13.171,0,0,60.93,46.444,17.827,3.727,-0.68,-0.741,9.376,-2.956,0.975,3.946,0,0.515,0,0,0,0,0,3,0,0,0,0,1,1,0,0,0,3,1,0,0,0,0,0,0,0,0,3,0,0,0,0,0,0,0,0,1,0,1,0,0,0,1,1,0,0,3,0,0,0,0,0,0,0,0,0,0,0,0,0,0,0,0,0,0,0,0,0,0,0,0,0,0,0,0,0,1,0,0,0,0,0,0,0,0,1,0,0.29,0.93,0,0.36,0.72,2302.51,4667.43,6479.64,4.24,0.11
D372-0044,1.818008,1.780013,2.058,1047.443,21.889,14.219,16.786,9.276,6.965,4.419,2.971,16.786,9.276,6.965,4.419,2.971,17.84,23.511,22.249,18.808,12.01,24.265,14.095,10.083,9.474,17.966,0,423.164,1.233,1.967,2.633,0.35,-3.14,30,401.239,4703529.546,21.566,8.7,4.536,170.579,13.692,0.496,13.692,0.433,0.012,0.433,-4.709,-0.496,2.115,102.554,423.415,1,7,0,0,0,1,2,3,6,1,10,0,7,0,0,0,160,14.374,0,14.294,18.27,0,12.133,18.199,11.984,46.248,11.313,11.341,0,0,12.146,3,32.339,0,14.598,0,12.597,34.357,47.786,0,17.007,11.616,9.637,54.924,10.913,0,22.473,36.529,0,16.905,0,13.171,5.75,0,70.16,52.14,17.944,3.738,-1.035,-0.408,7.452,-3.038,0.941,5.35,0,0.466,0,0,0,0,0,3,0,0,0,0,1,1,0,0,0,3,1,0,0,0,0,0,0,0,0,3,0,0,0,0,0,0,0,0,1,0,1,0,0,0,1,2,0,0,3,0,0,0,0,0,0,0,0,0,0,1,0,0,0,0,0,0,0,0,1,0,0,0,0,0,0,0,0,0,1,0,0,0,0,0,0,0,0,1,0,0.21,0.89,0,0.46,0.65,2688.24,3849.13,5891.52,3.93,0.16
D372-0163,1.196648,1.353639,2.009,1010.978,21.181,13.664,16.377,9.157,7.131,4.384,2.849,16.377,9.157,7.131,4.384,2.849,17.84,23.511,16.5,24.371,4.9,24.265,21.019,10.083,4.737,17.966,0,407.169,1.207,1.897,2.517,0.35,-2.94,29,385.24,2688319.205,20.786,8.2,4.733,165.465,13.605,0.462,13.605,0.433,0.096,0.433,-4.664,-0.462,2.415,100.739,407.416,1,6,0,0,0,1,2,3,5,1,9,0,6,0,0,0,154,9.637,0,14.294,18.27,0,29.829,12.99,11.984,39.138,5.563,11.341,0,0,12.146,3,27.603,0,14.598,0,19.521,27.247,53.35,0,11.257,11.616,4.9,47.814,10.913,6.924,28.036,36.529,0,16.905,0,13.171,0,0,60.93,46.657,17.901,3.741,0.307,-0.74,7.873,-2.957,2.853,3.949,0,0.504,0,0,0,0,0,3,0,0,0,0,1,1,0,0,0,3,1,0,0,0,0,0,0,0,0,3,0,0,0,0,1,0,0,0,1,0,1,0,0,0,1,1,0,0,3,0,0,0,0,0,0,0,0,0,0,0,0,0,0,0,0,0,0,0,0,0,0,0,0,0,0,0,0,0,1,0,0,0,0,0,0,0,0,1,0,0.24,0.9,0,0.43,0.64,2873.34,4285.29,6691.36,4.24,0.1
D389-0855,1.356818,1.663384,1.529,1022.893,20.665,14.648,18.237,11.952,9.433,7.515,5.798,18.237,11.952,9.433,7.515,5.798,0,11.249,23.75,45.093,60.834,11.615,0,9.467,4.984,9.589,0,415.282,0.967,1.7,2.467,0.773,-2.09,30,380.282,13693924.04,19.849,8.21,3.386,176.64,13.451,0.339,13.451,0.332,0.159,0.332,-0.233,-0.339,0.508,117.485,415.562,1,8,1,2,3,0,2,2,7,1,8,0,4,1,1,2,164,14.367,13.929,4.795,4.984,0,19.262,38.525,26.179,26.179,0,11.164,5.948,5.559,5.69,5,4.9,0,18.685,7.048,76.919,31.079,20.838,0,0,17.112,21.049,50.906,20.137,0,57.787,9.589,0,11.164,0,5.948,0,0,69.5,5.143,35.253,0,0.767,0.898,0.511,11.07,5.43,1.762,0,0.79,0,0,0,0,0,4,0,0,0,0,0,0,0,0,0,5,1,0,0,0,1,0,0,0,0,0,0,0,0,1,2,0,0,0,0,0,3,0,0,0,0,0,0,0,0,0,0,1,0,0,0,0,0,0,0,0,0,0,0,0,0,0,0,0,0,0,0,0,0,1,0,0,0,0,1,0,0,0,0,0,0,0,0,0,0,0.63,0.99,0.001,0.15,0.91,1105.27,6985.19,7653.24,4.55,0.09
D389-0970,1.331267,2.02551,1.489,1235.746,22.949,16.025,19.795,12.352,9.84,7.284,5.471,19.795,12.352,9.84,7.284,5.471,0,11.249,23.627,51.638,34.293,11.615,6.066,40.656,4.984,9.589,0,451.282,1.03,1.788,2.545,0.56,-2.87,33,416.315,49704441.42,21.949,9.172,4.238,193.608,13.561,0.342,13.561,0.332,0.194,0.332,-0.261,-0.342,0.664,130.172,451.595,1,8,0,2,2,1,2,3,7,1,8,0,6,0,1,1,176,14.367,13.929,4.795,4.984,0,37.256,37.165,26.682,26.179,0,11.164,5.948,5.559,5.69,5,4.9,0,18.685,12.966,45.697,37.624,56.733,0,0,17.112,21.049,51.409,26.558,5.918,31.75,39.921,0,11.164,0,5.948,0,0,69.5,5.056,35.251,0,1.898,1.207,10.441,4.666,8.24,1.741,0,0.598,0,0,0,0,0,4,0,0,0,0,0,0,0,0,0,5,1,0,0,0,1,0,0,0,0,0,0,0,0,1,1,0,0,0,1,0,3,0,0,0,0,0,0,0,0,0,0,1,0,0,0,0,0,0,0,0,0,0,0,0,0,0,0,0,0,0,0,0,0,1,0,0,0,0,1,0,0,0,0,0,0,0,0,0,0,0.57,0.98,0.001,0.17,0.9,1621.39,8616.21,9530.04,4.87,0.11
DP-0000267,0.71748,0.754752,2.258,582.646,15.173,9.26,10.419,5.311,3.653,1.815,1.128,12.869,8.891,6.91,4.145,3.259,10.209,18.216,16.637,5.694,23.099,0,10.102,10.301,21.691,8.418,0,338.052,1.6,2.3,2.9,0.375,-1.37,20,322.336,18919.819,16.684,7.422,7.276,124.286,10.668,0.345,10.668,0.345,0.084,0.291,-3.85,-0.291,-1.978,81.605,338.464,9,9,0,0,0,0,1,1,6,6,12,0,7,0,0,0,112,0,21.274,15.44,20.18,0,11.337,0,23.307,5.694,5.836,0,5.132,10.209,5.96,1,13.827,5.409,9.706,10.873,12.174,11.07,11.074,0,0,50.235,26.321,30.95,15.962,5.409,12.115,5.38,0,0,0,5.132,0,23.099,172.57,23.245,4.247,22.602,6.15,1.171,0,0.278,0,-3.85,2.907,0.191,0,0,0,0,0,1,0,0,0,0,0,0,0,0,0,1,3,3,0,0,0,0,0,0,0,0,0,0,1,1,0,0,0,0,0,0,0,0,0,0,0,0,0,1,0,0,0,0,0,0,0,0,0,0,0,0,0,0,0,0,0,0,0,0,0,0,0,0,0,0,0,0,0,0,0,1,0,0,0,0,1,0,0,1,0,0.2,0.88,0,0.47,0.69,1453.9,2168.63,3152.07,3.24,0.2
DP-0000268,1.272567,0.476553,2.218,473.736,15.665,10.007,12.641,6.723,4.809,2.555,1.678,13.457,7.877,5.915,3.537,2.425,4.923,0,12.366,35.771,4.9,18.81,12.133,24.729,4.417,10.114,0,315.149,1.476,2.19,2.81,0.538,-1.67,21,292.235,43242.95,17.382,9.3,7.618,128.456,10.351,0.459,10.351,0.274,0.412,0.274,-0.483,-0.459,0.042,83.525,315.419,3,7,0,0,0,0,1,1,6,3,8,0,10,0,0,0,118,19.951,10.114,0,11.762,0,0,12.133,19.345,24.772,12.305,11.581,0,6.2,0,1,14.24,0,10.634,0,12.298,33.441,45.788,0,0,11.762,15.533,38.364,12.298,10.114,11.52,28.571,0,0,0,0,0,11.762,84.78,5.721,11.192,16.065,0,4.014,4.018,0.924,1.532,5.813,1.722,0.321,0,0,0,0,0,0,0,0,0,0,0,0,0,0,0,1,3,0,0,0,0,0,0,0,0,0,0,0,0,0,0,0,0,0,0,0,0,0,0,0,0,0,1,0,0,0,0,0,0,0,0,0,0,0,0,0,0,0,1,0,0,0,0,0,0,0,0,0,0,0,0,0,0,0,1,1,0,0,0,0,0,0,0,2,0,0.2,0.89,0.001,0.45,0.71,1287.04,2062.76,2900.25,3.27,0.21
DP-0000271,0.730723,2.056145,2.73,543.244,16.535,10.456,11.759,5.869,3.687,2.225,1.296,13.392,6.685,4.503,2.634,1.682,12.186,10.225,11.375,0,14.22,24.265,0,30.741,24.436,9.589,0,342.046,0.864,1.227,1.545,0.167,-2.46,22,328.29,57665.1,17.591,8.744,5.891,137.088,11.071,0.453,11.071,0.413,0.049,0.413,-0.689,-0.453,1.792,89.965,342.402,4,8,0,0,0,1,0,1,6,4,10,0,2,0,0,0,118,20.107,10.634,9.589,0,0,12.133,36.568,0,25.594,0,10.225,0,0,12.186,1,19.063,0,10.634,0,0,24.853,24.265,0,0,58.222,21.267,36.631,9.474,0,0,24.265,0,0,0,20.964,0,24.436,100.72,8.868,22.142,10.319,1.079,0,6.915,-1.378,0,2.453,9.934,0.604,0,0,0,0,0,0,0,0,0,0,2,2,2,0,0,0,4,0,0,0,0,0,0,0,2,0,0,2,0,2,0,0,0,0,1,0,0,0,0,0,0,2,0,0,0,0,0,0,0,0,0,0,0,0,0,2,0,0,0,0,0,0,0,0,2,0,0,0,0,0,0,0,0,0,0,0,0,0,0,0,0,0,0,0,0,0.29,0.93,0,0.37,0.72,1614.36,3265.55,4488.45,3.78,0.11
DP-0000273,2.189595,2.327746,1.686,1376.519,28.386,18.428,21.34,12.487,10.256,7.88,5.81,21.34,12.487,10.256,7.88,5.81,95.669,34.424,0,0,25.309,6.924,0,5.734,14.211,39.916,0,544.181,1.154,1.846,2.487,0.444,-3.39,39,514.293,374870204.1,27.187,9.662,4.112,222.081,13.651,0.507,13.651,0.202,0.045,0.202,-2.225,-0.507,-0.715,130.455,544.533,8,12,2,1,3,2,0,2,11,6,12,0,5,0,1,1,208,45.477,14.384,0,0,0,12.133,12.99,29.532,42.429,41.602,17.857,5.783,0,0,5,59.861,0,0,0,62.431,13.717,51.58,0,17.249,17.35,10.471,86.74,20.689,0,68.839,18.199,0,0,0,0,17.249,0,207.69,17.078,39.764,53.798,0.362,-3.709,3.902,-4.715,0.61,1.327,0,0.221,0,3,2,0,0,0,0,2,0,0,3,3,0,0,0,0,0,0,0,0,0,0,0,0,0,0,0,0,0,0,0,0,0,0,2,0,3,0,0,0,0,3,0,0,0,0,0,0,0,0,0,3,1,0,0,1,0,0,0,0,0,0,0,0,0,2,2,0,0,0,0,0,0,0,1,0,0,0,0,0,0,0,0,0,0,0.24,0.91,0,0.42,0.7,4190,7091.01,10144.26,4.56,0.15
DP-0000274,0.962815,1.037757,1.112,1701.849,29.673,20.676,24.3,15.239,12.931,10.279,8.262,24.3,15.239,12.931,10.279,8.262,35.545,24.277,25.931,28.638,27.673,4.9,42.474,35.678,4.737,19.49,0,582.271,1.186,2,2.814,0.424,-3.99,43,546.393,10186305265,26.624,9.253,3.792,248.816,14.178,0.361,14.178,0.28,0.201,0.28,-2.037,-0.361,0.574,157.109,582.681,4,10,1,4,5,2,1,3,5,4,10,0,4,0,3,3,222,25.207,24.02,0,0,0,48.541,42.522,42.059,13.592,24.043,0,17.539,11.818,0,8,29.127,0,20.101,5.918,62.369,20.137,77.494,0,0,34.198,10.217,87.511,31.962,5.918,36.456,60.804,0,16.476,0,0,0,0,119.41,6.235,49.282,16.137,3.682,-3.693,14.249,6.461,2.544,2.103,0,0.359,0,1,0,0,0,1,1,0,0,0,3,3,0,0,0,2,3,0,0,1,0,1,0,0,0,0,0,3,0,0,0,0,0,0,2,0,5,0,0,0,0,1,0,0,0,0,0,0,0,0,0,0,0,0,0,0,0,0,0,0,0,0,0,0,0,0,0,0,0,0,1,0,0,0,1,0,0,0,0,0,0,0,0,0,0,0.43,0.96,0,0.26,0.88,3275,11531.91,13166.8,5.05,0.19
DP-0000275,1.031768,1.17035,1.626,896.38,20.637,13.058,14.44,8.295,6.537,4.421,3.06,14.44,8.295,6.537,4.421,3.06,41.401,43.864,6.066,10.633,4.9,0,0,15.931,0,31.137,0,408.125,1.107,1.786,2.464,0.438,-2.63,28,392.198,1435297.157,20.113,7.414,4.106,154.484,13.707,0.451,13.707,0.451,0.013,0.354,-4.635,-0.354,1.3,81.754,408.326,3,6,0,1,1,1,1,2,4,1,12,0,4,0,0,0,152,15.201,4.795,13.171,13.171,10.197,0,11.63,25.577,19.007,5.817,17.459,11.732,0,6.176,3,36.871,0,19.664,0,38.149,6.545,46.797,0,0,5.907,5.734,38.158,30.481,17.452,23.633,12.133,0,0,0,26.342,0,0,78.66,79.366,13.706,6.623,3.619,-4.964,0.502,-4.875,-0.226,0,0,0.612,0,0,0,0,0,3,0,0,0,0,1,1,0,0,0,4,0,0,0,0,0,0,0,0,0,3,0,1,0,0,0,0,0,0,1,0,1,0,0,0,0,0,0,0,6,0,0,0,0,0,0,0,0,0,0,0,0,0,0,0,0,0,0,0,0,0,0,0,0,0,0,0,0,0,1,0,0,0,0,0,0,0,0,0,0,0.63,0.99,0.001,0.15,0.92,1269.99,8578.06,9202.95,4.91,0.11
DP-0000352,1.321223,0.786026,2.004,963.288,18.585,12.38,14.673,8.699,7.103,5.295,3.764,14.673,8.699,7.103,5.295,3.764,22.779,18.035,30.043,19.156,11.097,4.567,11.824,7.048,4.737,19.086,0,361.144,1.385,2.077,2.731,0.444,-2.61,26,341.213,825393.74,16.837,5.98,2.438,148.732,14.975,0.545,14.975,0.198,0.009,0.198,-1.563,-0.545,-1.208,91.536,361.373,1,7,0,2,2,1,1,2,6,1,8,0,2,0,1,1,138,29.005,4.795,4.39,0,0,0,12.99,6.197,61.704,12.294,16.996,0,0,0,4,23.928,0,4.567,0,12.966,44.733,33.867,0,5.75,22.56,25.072,50.37,0,5.817,23.324,17.058,0,10.903,0,10.078,5.75,0,79.04,22.504,27.159,11.322,-0.413,-1.812,0.949,1.284,5.248,2.093,0,0.726,0,0,0,0,1,1,0,0,1,1,1,1,0,0,0,2,1,0,0,1,0,0,0,0,0,0,0,0,0,1,0,0,0,0,1,0,0,0,0,0,0,1,0,0,1,0,0,0,0,0,0,0,0,0,0,0,0,0,0,0,0,0,0,0,0,0,0,0,0,0,1,0,0,1,1,0,0,0,0,0,0,0,0,0,0,0.47,0.97,0.001,0.23,0.84,1065.99,3985.14,4747.34,3.79,0.1
DP-0000375,1.510137,0.803395,2.244,825.411,16.56,11.024,12.842,7.672,5.619,4.256,3.04,12.842,7.672,5.619,4.256,3.04,22.779,5.386,17.749,32.245,6.197,10.633,11.824,5.317,0,19.086,0,319.133,1.348,2.043,2.652,0.375,-2.41,23,301.192,179503.578,15.484,6,2.676,131.684,14.489,0.545,14.489,0.198,0.068,0.198,-1.546,-0.545,-1.093,82.043,319.336,2,6,0,1,1,1,1,2,5,1,7,0,3,0,1,1,122,24.685,4.795,4.39,0,0,0,19.056,18.128,48.916,5.817,5.429,0,0,0,3,19.608,0,4.567,0,13.468,31.079,39.934,0,0,22.56,20.752,36.715,6.545,5.817,17.282,23.124,0,10.903,0,10.078,0,0,81.98,16.129,25.312,13.341,-0.164,-2.051,2.782,1.27,5.549,0,0,0.779,0,0,0,0,1,1,0,0,1,1,1,1,0,0,0,2,0,1,0,0,0,0,0,0,0,0,0,0,0,1,1,0,0,0,1,0,1,0,0,0,0,0,0,0,1,0,0,0,0,0,0,0,0,0,0,0,0,0,0,0,0,0,0,0,0,0,0,0,0,0,1,0,0,1,1,0,0,0,0,0,0,0,0,0,0,0.52,0.98,0.001,0.2,0.86,806.06,3460.11,4024.66,3.71,0.09
DP-0000481,1.585366,NaN,1.94,871.421,15.579,10.56,11.547,6.54,4.638,3.073,1.999,12.364,8.023,6.321,4.443,3.041,10.023,4.895,11.505,5.687,23.011,18.199,30.332,9.821,5.734,8.418,0,314.084,0.955,1.636,2.318,0,-2.8,22,300.258,145235.924,14.151,5.531,2.793,127.803,12.401,0.399,12.401,0.263,0.141,0.263,-3.697,-0.399,2.255,85.227,314.37,3,6,0,0,0,2,1,3,5,2,7,0,4,0,0,0,112,5.734,4.722,13.1,5.099,0,18.199,36.398,11.754,16.78,5.818,0,0,10.023,0,3,8.418,0,9.78,0,4.895,10.456,66.861,0,5.687,21.529,10.456,18.198,10.023,0,0,71.756,0,5.687,0,11.505,0,0,90.01,28.858,0.141,4.148,6.851,0.364,16.882,1.536,0,-3.697,0,0.723,0,0,0,1,0,2,0,0,0,0,0,0,0,0,0,2,1,1,0,0,0,0,0,0,0,0,0,0,0,2,0,0,0,0,2,0,0,0,0,0,0,0,0,0,0,0,0,0,0,0,0,0,0,0,0,0,0,0,0,0,0,0,0,0,1,0,0,0,0,0,0,0,0,0,0,0,1,0,0,0,0,0,0,0,0,0.41,0.94,0.001,0.3,0.84,947.94,2946.17,3497.1,3.5,0.17
DP-0000485,1.10728,0.803831,2.226,653.345,13.88,9.009,10.069,5.255,3.621,2.28,1.3,10.885,6.738,5.303,3.624,2.258,10.023,10.844,11.437,0,43.769,0,0,14.69,10.471,8.418,0,280.063,1.158,1.737,2.263,0.091,-2.35,19,268.213,18853.686,13.09,5.105,3.104,110.057,12.004,0.494,12.004,0.264,0.03,0.264,-3.721,-0.494,0.868,70.247,280.309,3,7,0,0,0,1,1,2,6,2,8,0,4,0,0,0,100,10.471,0,23.108,0,0,0,24.265,5.687,24.399,0,5.75,5.948,10.023,0,2,13.155,0,9.968,0,4.895,17.566,36.659,0,5.75,21.659,15.193,25.496,10.023,0,0,41.555,0,0,0,11.636,5.75,0,107.2,31.148,7.738,0,5.986,0.41,5.815,2.738,0,-2.252,0,0.805,0,0,0,1,0,2,0,0,0,0,0,0,0,0,0,2,1,1,0,0,0,0,0,0,0,0,0,0,0,2,0,0,0,0,1,0,0,0,0,0,0,1,0,0,0,0,0,0,0,0,0,0,0,0,0,1,0,0,0,0,0,0,0,0,0,0,0,0,0,0,0,0,0,0,0,0,1,0,0,0,0,0,0,0,0,0.34,0.95,0.001,0.31,0.79,854.17,2199.13,2771.2,3.3,0.15
DP-0000490,1.023952,1.106786,2.331,675.919,14.044,8.865,10.583,5.573,4.149,2.398,1.598,11.4,7.057,5.831,3.742,2.542,10.023,10.844,17.075,0,24.265,19.914,0,14.69,5.734,8.418,0,278.084,1.053,1.579,2.105,0.167,-2.15,19,264.225,14228.351,13.286,4.848,3.195,111.308,12.104,0.399,12.104,0.264,0.064,0.264,-3.694,-0.399,1.476,73.169,278.337,3,6,0,0,0,1,1,2,5,2,7,0,3,0,0,0,100,5.734,0,23.108,0,0,0,44.179,17.075,4.895,0,0,5.948,10.023,0,2,8.418,0,9.968,0,18.743,10.456,41.72,0,0,21.659,10.456,18.386,10.023,13.847,11.388,35.227,0,0,0,11.636,0,0,97.97,26.552,8.188,0,7.417,0.064,7.676,0,3.547,-3.694,0,0.829,0,0,0,1,0,2,0,0,0,0,0,0,0,0,0,2,1,1,0,0,0,0,0,0,0,0,0,0,0,2,2,0,0,0,1,0,0,0,0,0,0,0,0,0,0,0,0,0,0,0,0,0,0,0,0,0,0,0,0,0,0,0,0,0,0,0,0,0,0,0,0,0,0,0,0,0,1,0,0,0,0,0,0,0,0,0.31,0.94,0.001,0.33,0.8,804.05,1938.15,2421.44,3.13,0.18
DP-0000492,2.016371,1.516497,2.289,561.311,11.596,7.577,8.122,4.357,3.012,1.844,1.095,9.755,6.719,5.589,4.017,2.883,10.023,4.895,10.819,0,41.799,5.38,0,9.706,5.734,8.418,0,255.014,1.25,1.938,2.5,0,-1.6,16,246.252,5649.477,10.903,4.106,2.312,96.999,11.826,0.399,11.826,0.263,0.164,0.263,-3.558,-0.399,1.526,63.777,255.324,3,5,0,0,0,1,1,2,5,2,7,0,3,0,0,0,84,5.734,4.722,13.402,0,11.337,0,24.265,17.264,4.895,0,5.132,0,10.023,0,2,8.418,0,4.984,0,4.895,10.456,35.842,0,0,32.179,10.456,13.402,10.023,0,0,40.738,0,0,0,10.819,0,11.337,85.08,26.024,4.012,2.04,6.002,0,5.976,1.533,0,-3.558,1.222,0.814,0,0,0,1,0,1,0,0,0,0,0,0,0,0,0,1,1,1,0,0,0,0,0,0,0,0,0,0,0,2,0,0,0,0,1,0,0,0,0,0,0,0,0,0,0,0,0,0,0,0,0,0,0,0,0,0,0,0,0,0,0,0,0,0,0,0,0,0,0,0,0,0,0,0,0,0,1,0,0,0,1,0,0,0,0,0.51,0.98,0.002,0.21,0.88,453.84,1955.5,2225.85,3.07,0.11
DP-0000498,2.00727,2.063205,2.328,659.342,13.336,8.399,9.914,5.164,3.834,2.514,1.29,10.731,6.604,5.438,3.788,2.264,10.023,10.78,16.945,0,24.265,13.847,0,9.879,10.257,8.418,0,266.06,1.222,1.833,2.333,0.182,-2.02,18,254.206,11425.169,12.437,4.338,2.303,104.834,11.979,0.539,11.979,0.125,0.004,0.125,-3.804,-0.539,2.268,67.036,266.302,2,6,0,0,0,1,1,2,5,1,7,0,3,0,0,0,96,14.979,0,8.418,0,0,5.157,43.676,5.687,16.474,10.023,0,0,0,0,2,12.941,0,5.157,0,18.743,5.734,40.245,0,0,21.595,5.734,13.574,10.023,13.847,11.257,33.684,0,4.722,0,11.572,0,0,100.29,32.427,0.06,3.655,7.201,0.004,5.793,0,3.414,-3.804,0,0.859,0,0,0,1,0,1,0,0,0,0,0,0,0,0,0,2,0,1,0,0,0,0,0,0,0,0,0,0,0,1,1,0,0,0,1,0,0,0,0,0,0,0,0,0,0,0,0,0,0,0,0,0,0,0,0,0,0,0,0,0,0,0,0,0,0,0,0,0,0,0,0,0,0,0,0,0,1,0,0,0,0,0,0,0,0,0.26,0.93,0.001,0.38,0.78,783.65,1610.07,2061.96,2.96,0.22
DP-0000499,0.99859,1.021157,2.336,709.173,15.458,9.941,11.4,5.798,3.957,2.503,1.496,12.216,7.281,5.639,3.874,2.488,10.023,22.604,5.687,0,44.551,0,0,14.69,15.207,8.418,0,310.074,1.095,1.762,2.333,0.167,-2.55,21,296.223,45765.694,14.851,5.834,3.51,121.535,12.218,0.481,12.218,0.321,0.01,0.321,-3.787,-0.481,0.877,76.799,310.335,3,8,0,0,0,1,1,2,7,2,9,0,5,0,0,0,112,15.207,4.722,8.418,9.968,0,0,24.265,11.754,19.115,0,5.818,5.88,10.023,6.01,2,17.892,0,9.968,0,4.895,24.675,30.332,0,11.89,21.529,19.929,32.605,10.023,0,0,35.227,0,0,0,11.505,11.89,0,116.43,36.591,7.841,0,6.001,0.215,7.119,0,0,-1.016,0,0.787,0,0,0,1,0,2,0,0,0,0,0,0,0,0,0,2,1,1,0,0,0,0,0,0,0,0,0,0,0,2,0,0,0,0,1,0,0,0,0,0,0,2,0,0,0,0,0,0,0,0,0,0,0,0,0,2,0,0,0,0,0,0,0,0,0,0,0,0,0,0,0,0,0,0,0,0,1,0,0,0,0,0,0,0,0,0.26,0.92,0.001,0.39,0.79,1120.88,2348.67,2963.72,3.29,0.24
DP-0000548,0.864882,0.553219,1.443,1368.583,22.731,15.24,17.398,10.22,8.052,6.136,4.461,18.214,11.099,9.357,7.312,5.612,28.601,10.76,60.474,6.066,16.662,17.557,11.824,0,8.834,19.49,4.39,461.106,1.281,2,2.594,0.381,-3.05,32,441.311,16041550.92,20.831,7.522,3.231,184.559,15.037,0.545,15.037,0.519,0.038,0.519,-1.549,-0.545,-0.112,111.659,461.471,1,9,0,2,2,1,2,3,9,1,11,0,4,0,1,1,168,33.102,4.795,9.185,0,0,11.762,25.98,5.386,59.316,12.362,11.189,5.76,0,5.822,5,28.026,0,4.567,0,30.792,31.079,55.874,0,0,34.322,26.158,36.715,6.545,12.741,34.176,35.582,0,10.903,0,10.078,0,11.762,113.16,26.77,38.525,11.804,-0.237,-1.845,2.764,0,6.606,0,1.28,0.573,0,0,0,0,1,1,0,0,1,1,1,1,0,0,0,2,1,0,0,0,0,0,0,0,0,0,0,0,0,1,1,0,0,0,1,0,3,0,0,0,0,0,0,0,1,0,0,0,0,0,0,0,0,0,0,0,0,0,0,0,0,0,0,0,0,0,0,0,0,0,1,0,0,1,1,1,0,0,0,0,0,0,0,0,0,0.61,0.99,0.001,0.15,0.92,1590.5,9802.44,10658.99,4.99,0.11
DP-0000551,1.551515,1.761111,2.004,960.391,18.585,12.38,14.496,8.927,7.254,5.627,4.211,14.496,8.927,7.254,5.627,4.211,22.779,17.532,43.556,18.051,6.197,4.567,11.824,0,0,24.193,0,359.141,1.308,2,2.654,0.474,-2.41,26,339.217,825393.74,17.026,6.088,2.493,149.017,14.999,0.545,14.999,0.198,0.005,0.198,-1.547,-0.545,0.972,92.982,359.377,1,6,0,2,2,1,1,2,6,1,7,0,2,0,1,1,138,24.475,4.795,4.39,0,0,0,38.673,36.278,28.841,5.817,5.429,0,0,0,4,19.398,0,4.567,0,44.753,17.989,39.431,0,0,22.56,15.435,34.836,6.421,5.817,48.149,17.058,0,10.903,0,10.078,0,0,85.6,16.765,25.804,21.135,0.694,-2.063,1.16,3.454,3.049,0,0,0.864,0,1,1,0,1,1,0,0,1,1,1,1,0,0,0,2,0,0,0,0,0,0,0,0,0,0,0,0,0,1,1,0,0,0,1,0,0,0,0,0,0,0,0,0,1,0,0,0,0,0,0,0,0,0,0,0,0,0,0,0,0,0,0,0,0,0,0,0,0,1,0,0,0,1,0,0,0,0,0,0,0,0,0,0,0,0.52,0.98,0.001,0.2,0.85,1007.61,4344.53,5087.19,3.92,0.08
DP-0000552,1.129856,0.731188,2.186,930.048,16.516,10.832,12.519,7.446,6.466,4.77,3.266,12.519,7.446,6.466,4.77,3.266,28.318,18.035,16.83,18.908,6.197,4.567,6.924,5.734,4.737,19.086,0,318.102,1.522,2.217,2.826,0.375,-2.41,23,303.184,269874.827,14.199,4.319,1.828,129.822,14.638,0.545,14.638,0.198,0.001,0.198,-1.568,-0.545,-0.311,76.503,318.304,3,6,1,1,2,1,1,2,5,1,7,0,2,1,0,1,120,24.939,4.795,4.39,0,0,0,12.99,19.038,34.041,17.963,11.178,0,0,0,4,24.762,0,4.567,0,31.346,6.607,39.431,0,5.75,16.872,21.006,17.143,5.539,5.817,41.729,17.058,0,10.903,0,4.39,5.75,0,99,22.039,23.583,11.204,3.121,-1.831,0.925,2.77,2.107,0,0,0.821,0,0,0,0,1,1,0,0,1,1,1,1,0,0,0,1,0,0,0,0,0,0,0,0,0,0,0,0,0,0,0,0,0,0,1,0,0,0,0,0,0,1,0,0,1,0,0,0,0,0,0,0,0,0,0,0,0,0,0,0,0,0,0,0,0,0,0,0,0,0,0,0,0,1,1,0,0,0,0,0,0,0,0,0,0,0.39,0.96,0.001,0.28,0.78,945.03,2659.67,3406.22,3.4,0.08
DP-0000553,2.049565,1.891304,1.729,1048.298,20.284,13.99,16.319,10.242,8.43,6.619,5.081,16.319,10.242,8.43,6.619,5.081,22.779,11.428,28.913,38.897,25.794,4.567,4.9,5.317,4.737,14.696,4.39,401.175,1.31,2.103,2.759,0.524,-2.61,29,377.246,7887117.993,18.421,6.725,2.885,166.611,15.315,0.545,15.315,0.198,0.028,0.198,-1.547,-0.545,0.01,102.837,401.438,2,7,1,2,3,1,1,2,6,1,8,0,4,1,2,3,154,29.422,4.795,4.39,0,0,0,31.75,24.701,42.635,11.729,16.996,0,0,0,5,24.345,0,4.567,5.918,37.767,31.644,33.867,0,5.75,22.56,25.489,43.322,0,11.735,42.083,17.058,0,10.903,0,10.078,5.75,0,91.21,22.742,26.234,13.826,-0.331,-1.279,1.694,5.391,2.582,1.474,0,0.779,0,0,0,0,1,1,0,0,1,1,1,1,0,0,0,2,0,1,0,0,0,0,0,0,0,0,0,0,0,1,0,0,0,0,1,0,2,0,0,0,0,1,0,0,1,0,0,0,0,0,0,0,0,0,0,1,0,0,0,0,0,0,0,0,0,0,0,0,0,1,0,0,0,1,1,0,0,0,0,0,0,0,0,0,0,0.48,0.98,0.001,0.22,0.86,1304.84,5080.92,5942.16,4.04,0.11
DP-0000555,1.609213,1.299775,1.971,1150.53,20.706,13.846,15.745,9.274,7.271,5.355,3.667,15.745,9.274,7.271,5.355,3.667,28.596,5.386,29.981,25.353,33.732,6.066,4.9,7.048,0,23.476,0,399.139,1.103,1.759,2.379,0.238,-3.26,29,380.245,3652617.372,19.074,7.288,3.468,164.752,14.892,0.545,14.892,0.198,0.072,0.198,-1.653,-0.545,-0.033,102.625,399.397,1,6,0,1,1,2,1,3,5,1,8,0,3,0,1,1,150,24.268,4.795,8.781,0,0,0,36.398,17.27,55.964,11.634,5.429,0,0,0,4,23.582,0,4.567,0,0,38.127,70.016,0,5.687,22.56,20.335,43.763,0,11.634,10.358,47.39,0,16.59,0,14.468,0,0,69.81,29.7,27.319,11.372,-0.265,-2.694,7.998,1.142,3.024,2.071,0,0.672,0,0,0,0,1,1,0,0,1,1,1,1,0,0,0,2,1,0,0,1,0,0,0,0,0,0,0,0,0,1,0,0,0,0,2,0,1,0,0,0,0,0,0,0,2,0,0,0,0,0,0,0,0,0,0,0,0,0,0,0,0,0,0,0,0,0,0,0,0,0,1,0,0,1,1,0,0,0,0,0,0,0,0,0,0,0.25,0.91,0,0.41,0.66,2614.62,4176.04,6360.61,4.16,0.1
DP-0000556,0.779481,0.99974,2.031,983.304,19.292,12.918,15.328,9.169,7.382,5.355,3.949,15.328,9.169,7.382,5.355,3.949,22.779,17.178,30.335,25.453,13.307,4.567,4.9,12.241,4.737,14.696,4.39,375.159,1.407,2.148,2.741,0.474,-2.61,27,353.224,2352395.216,17.786,6.525,2.934,154.887,15.097,0.545,15.097,0.198,0.012,0.198,-1.555,-0.545,-0.38,95.787,375.4,2,7,1,1,2,1,1,2,6,1,8,0,4,1,1,2,144,29.422,4.795,4.39,0,0,0,25.832,12.239,49.18,11.729,16.996,0,0,0,4,24.345,0,4.567,0,31.849,31.644,33.867,0,5.75,22.56,25.489,43.322,0,5.817,36.165,17.058,0,10.903,0,10.078,5.75,0,91.21,22.423,25.977,13.604,-0.413,-1.85,1.528,3.056,4.224,1.45,0,0.787,0,0,0,0,1,1,0,0,1,1,1,1,0,0,0,2,0,1,0,0,0,0,0,0,0,0,0,0,0,1,0,0,0,0,1,0,1,0,0,0,0,1,0,0,1,0,0,0,0,0,0,0,0,0,0,1,0,0,0,0,0,0,0,0,0,0,0,0,0,0,1,0,0,1,1,0,0,0,0,0,0,0,0,0,0,0.4,0.96,0.001,0.27,0.83,1301.46,3978.3,4799.64,3.78,0.15
DP-0000558,1.324478,1.130719,2.429,746.762,13.569,9.113,10.135,5.796,4.168,3.135,2.187,10.135,5.796,4.168,3.135,2.187,11.398,17.743,23.56,0,12.263,10.633,6.924,0,9.474,14.696,0,260.056,1.368,2.053,2.684,0.231,-2.5,19,250.145,32524.736,11.583,4.012,1.64,107.341,12.107,0.545,12.107,0.231,0.097,0.231,-1.48,-0.545,0.114,64.336,260.225,0,6,0,1,1,1,1,2,6,0,6,0,2,0,0,0,98,23.942,4.795,0,0,0,0,12.99,18.808,22.436,0,16.928,6.793,0,0,3,19.375,0,4.567,0,13.468,6.793,34.116,0,11.499,16.872,20.009,17.329,6.545,0,17.282,23.124,0,10.903,0,0,11.499,0,80.59,12.13,23.094,11.272,-0.312,-0.482,3.195,1.294,2.476,0,0,0.765,0,0,0,0,1,1,0,0,1,1,1,1,0,0,0,1,0,0,0,0,0,0,0,0,0,0,0,0,0,0,1,0,0,0,1,0,2,0,0,0,0,2,0,0,0,0,0,0,0,0,0,0,0,0,0,0,0,0,0,0,0,0,0,0,0,0,0,0,0,0,0,0,0,1,0,0,0,0,0,0,0,0,0,0,0,0.41,0.97,0.001,0.26,0.78,654.36,1949.91,2502.61,3.2,0.06
DP-0000559,1.610322,2.016489,1.834,927.752,18.422,12.49,14.756,9.175,7.209,5.572,3.819,14.756,9.175,7.209,5.572,3.819,22.779,11.428,11.204,45.565,17.163,10.633,4.9,6.924,0,19.086,0,359.165,1.308,2,2.577,0.474,-2.41,26,337.225,1655411.28,17.026,6.391,2.858,149.983,14.785,0.545,14.785,0.198,0.109,0.198,-1.519,-0.545,-0.436,94.218,359.401,1,6,1,1,2,1,1,2,5,1,7,0,4,1,1,2,138,24.268,4.795,4.39,0,0,0,31.898,17.625,55.461,5.817,5.429,0,0,0,4,19.191,0,4.567,0,25.807,37.624,39.934,0,0,22.56,20.335,43.26,0,5.817,36.165,23.124,0,10.903,0,10.078,0,0,69.81,16.589,27.272,11.399,0.006,-1.998,3.063,3.212,6.624,0,0,0.804,0,0,0,0,1,1,0,0,1,1,1,1,0,0,0,2,1,0,0,1,0,0,0,0,0,0,0,0,0,1,0,0,0,0,1,0,1,0,0,0,0,0,0,0,1,0,0,0,0,0,0,0,0,0,0,0,0,0,0,0,0,0,0,0,0,0,0,0,0,0,1,0,0,1,1,0,0,0,0,0,0,0,0,0,0,0.48,0.97,0.001,0.22,0.85,1152.14,4474.1,5248.27,4.01,0.11
DP-0000560,2.00804,1.945638,2.183,854.26,17.43,11.418,13.765,8.063,6.21,4.667,3.178,13.765,8.063,6.21,4.667,3.178,22.779,5.386,17.749,32.245,11.097,10.633,11.824,7.048,0,19.086,0,333.149,1.333,2,2.583,0.412,-2.41,24,313.203,254288.588,16.448,6.238,2.753,138.259,14.59,0.545,14.59,0.198,0.069,0.198,-1.546,-0.545,-1.141,87.004,333.363,1,6,0,1,1,1,1,2,5,1,7,0,3,0,1,1,128,24.268,4.795,4.39,0,0,0,19.056,18.128,55.964,5.817,5.429,0,0,0,3,19.191,0,4.567,0,13.468,38.127,39.934,0,0,22.56,20.335,43.763,6.545,5.817,17.282,23.124,0,10.903,0,10.078,0,0,69.81,16.235,26.809,11.204,-0.157,-2.048,2.798,1.274,5.618,2.101,0,0.771,0,0,0,0,1,1,0,0,1,1,1,1,0,0,0,2,1,0,0,1,0,0,0,0,0,0,0,0,0,1,1,0,0,0,1,0,1,0,0,0,0,0,0,0,1,0,0,0,0,0,0,0,0,0,0,0,0,0,0,0,0,0,0,0,0,0,0,0,0,0,1,0,0,1,1,0,0,0,0,0,0,0,0,0,0,0.53,0.98,0.001,0.19,0.88,852.58,3917.06,4460.47,3.84,0.1
DP-0000562,1.841687,2.03568,2.047,1038.121,20.326,13.201,15.668,9.368,7.964,5.515,4.251,15.668,9.368,7.964,5.515,4.251,39.67,29.33,25.931,6.197,4.567,4.9,13.847,5.317,5.734,14.696,8.781,392.166,1.214,1.821,2.357,0.474,-2.68,28,370.23,2915553.45,18.673,6.439,2.808,159.278,15.64,0.545,15.64,0.2,0.13,0.2,-1.695,-0.545,-0.279,98.2,392.406,4,7,1,1,2,1,1,2,6,2,9,0,3,1,1,2,150,30.419,4.795,8.781,0,0,0,26.689,12.239,41.213,17.771,11.634,5.429,0,0,4,23.999,0,4.567,0,44.815,23.723,33.618,0,0,28.247,26.486,35.71,0,11.634,43.089,10.991,0,10.903,0,20.156,0,0,108,32.206,25.595,13.058,3.329,-3.599,0.108,2.517,4.784,0,0,0.699,0,0,0,1,1,1,0,0,1,1,1,1,0,0,0,2,0,2,0,0,0,0,0,0,0,0,0,0,0,2,0,0,0,0,1,0,1,0,0,0,0,0,0,0,2,0,0,0,0,0,0,0,0,0,0,0,0,0,0,0,0,0,0,0,0,0,0,0,0,0,1,0,0,1,1,0,0,0,0,0,0,0,0,0,0,0.43,0.97,0.001,0.25,0.8,1394.98,4426.79,5506.65,3.91,0.08
DP-0000563,2.058184,2.117246,2.309,910.372,18.301,11.845,14.013,8.195,6.31,4.583,3.393,14.013,8.195,6.31,4.583,3.393,28.596,29.177,19.634,12.263,4.567,11.824,6.924,5.317,0,19.086,4.39,351.139,1.44,2.16,2.76,0.412,-2.48,25,332.201,366305.801,17.347,6.437,2.863,142.214,15.187,0.545,15.187,0.198,0.087,0.198,-1.667,-0.545,-0.565,86.596,351.353,2,6,0,1,1,1,1,2,5,1,8,0,3,0,1,1,134,24.685,4.795,8.781,0,0,0,19.914,12.742,42.07,17.546,11.246,0,0,0,3,23.999,0,4.567,0,26.434,24.534,39.684,0,0,22.56,20.752,36.213,6.545,11.634,24.205,17.058,0,10.903,0,14.468,0,0,81.98,31.13,25.057,12.936,-1.808,-3.373,1.12,1.053,5.552,0,0,0.803,0,0,0,0,1,1,0,0,1,1,1,1,0,0,0,2,0,1,0,0,0,0,0,0,0,0,0,0,0,1,1,0,0,0,1,0,1,0,0,0,0,0,0,0,2,0,0,0,0,0,0,0,0,0,0,0,0,0,0,0,0,0,0,0,0,0,0,0,0,0,1,0,0,1,1,0,0,0,0,0,0,0,0,0,0,0.51,0.98,0.001,0.2,0.85,948.01,3966.59,4656.26,3.8,0.08
G210-2547,2.005909,2.057844,1.369,1076.235,21.372,15.131,18.603,11.674,9.105,7.228,5.441,18.603,11.674,9.105,7.228,5.441,0,5.907,5.563,60.383,32.104,11.097,41.462,12.133,10.083,4.795,0,418.26,1.032,1.742,2.452,0.48,-2.73,31,386.309,22249277.9,20.188,8.422,3.736,183.428,13.344,0.33,13.344,0.257,0.087,0.257,0.087,-0.33,2.687,121.37,418.565,1,6,1,1,2,1,2,3,4,1,6,0,3,1,1,2,162,9.8,4.795,9.499,5.099,0,36.753,45.094,11.76,49.172,0,5.647,0,5.907,0,5,9.694,0,19.498,0,51.993,26.179,53.48,0,11.127,11.554,4.9,57.626,0,13.847,53.85,36.529,0,16.774,0,0,0,0,54.94,1.842,21.745,4.73,5.397,0.087,11.017,8.589,7.761,0,0,0.712,0,0,0,0,0,3,0,0,0,0,1,1,0,0,0,4,1,0,0,0,0,0,0,0,0,0,0,1,0,0,2,0,0,0,1,0,1,0,0,0,0,0,0,0,0,0,0,0,0,0,0,0,0,0,0,0,0,0,0,0,0,0,0,0,0,0,0,0,0,0,1,0,0,0,1,0,0,0,0,0,0,0,0,0,0,0.56,0.98,0.001,0.18,0.94,1533.28,8099.13,8614.55,4.86,0.16
G414-0762,1.302071,1.113886,1.355,938.047,18.924,13.776,16.511,10.349,7.946,6.016,4.392,16.511,10.349,7.946,6.016,4.392,0,0,0,68.613,18.405,4.9,17.926,45.23,9.968,0,0,378.24,0.929,1.679,2.429,0.476,-2.67,28,350.28,6700975.621,17.43,7.391,3.305,165.134,5.007,0.356,5.007,0.229,0.858,0.229,0.858,-0.356,0.869,110.807,378.504,1,7,0,2,2,1,2,3,6,1,7,0,4,0,2,2,146,14.7,4.682,0,15.067,0,30.332,12.842,25.701,37.762,12.363,5.647,5.948,0,0,5,4.9,0,19.748,7.048,19.386,49.068,42.092,0,0,22.8,14.7,59.017,13.592,0,18.405,36.529,0,11.033,0,11.766,0,0,54.52,1.872,16.257,5.509,2.348,1.918,10.784,4.389,7.456,1.967,0,0.73,0,0,0,0,0,4,0,0,0,0,0,0,0,0,0,6,1,0,0,0,0,0,0,0,0,0,0,0,0,2,1,0,0,0,1,0,1,0,0,0,0,0,0,0,0,0,0,0,0,0,0,0,0,0,0,0,0,0,0,0,0,0,0,0,0,0,0,0,0,0,1,0,0,0,1,0,0,0,0,0,0,0,0,0,0,0.49,0.98,0.001,0.22,0.85,1479.46,5858.58,6902.3,4.51,0.09
G414-0778,1.293492,1.414238,1.645,696.272,16.518,11.758,14.832,9.292,7.034,5.323,3.934,14.832,9.292,7.034,5.323,3.934,0,0,0,48.979,38.897,4.9,17.926,21.822,9.968,0,0,330.24,1.042,1.792,2.5,0.706,-1.89,24,302.236,678623.572,15.627,6.547,2.811,142.807,4.969,0.356,4.969,0.229,0.878,0.229,0.878,-0.356,0.078,95.819,330.46,1,7,0,2,2,0,2,2,6,1,7,0,4,0,2,2,130,14.7,4.682,0,15.067,0,6.924,19.262,20.137,44.307,5.818,5.647,5.948,0,0,4,4.9,0,19.748,7.048,26.186,55.613,6.197,0,0,22.8,14.7,65.562,7.048,0,26.186,6.197,0,11.033,0,11.766,0,0,54.52,1.874,16.263,5.497,0.949,1.951,0,5.669,10.162,1.968,0,0.86,0,0,0,0,0,4,0,0,0,0,0,0,0,0,0,6,1,0,0,0,0,0,0,0,0,0,0,0,0,2,1,0,0,0,0,0,1,0,0,0,0,0,0,0,0,0,0,0,0,0,0,0,0,0,0,0,0,0,0,0,0,0,0,0,0,0,0,0,0,0,1,0,0,0,1,0,0,0,0,0,0,0,0,0,0,0.39,0.96,0.001,0.28,0.77,1263.86,3510.09,4587.37,3.93,0.06
G414-1139,1.422838,1.583376,1.352,842.185,20.501,14.725,18.737,12.104,9.424,7.681,5.669,18.737,12.104,9.424,7.681,5.669,0,0,0,55.02,64.828,4.9,22.826,21.822,9.968,0,0,414.321,0.933,1.667,2.367,0.773,-1.93,30,376.298,15465805.21,20,8.668,3.87,179.385,5.121,0.345,5.121,0.229,0.826,0.229,0.826,-0.345,-0.874,119.537,414.602,2,8,0,3,3,0,2,2,6,2,8,0,4,0,3,3,164,19.6,4.682,0,15.067,0,0,26.186,32.979,63.438,5.818,5.647,5.948,0,0,5,9.8,0,19.748,7.048,45.07,68.703,6.197,0,0,22.8,19.6,84.693,7.048,0,39.028,6.197,0,11.033,0,11.766,0,0,58.96,1.905,18.491,5.594,0.962,1.987,0.826,8.71,12.865,1.994,0,0.681,0,0,0,0,0,4,0,0,0,0,0,0,0,0,0,6,2,0,0,1,1,0,0,0,0,0,0,0,0,2,1,0,0,0,0,0,1,0,0,0,0,0,0,0,0,0,0,0,0,0,0,0,0,0,0,0,0,0,0,0,0,0,0,0,0,0,0,0,0,2,1,0,0,0,2,0,0,0,0,0,0,0,0,0,0,0.47,0.97,0,0.23,0.81,1934.75,6881.67,8497.73,4.79,0.06
G414-1230,1.127484,1.433821,1.374,802.232,18.924,13.793,16.939,10.914,8.432,6.742,5.067,16.939,10.914,8.432,6.742,5.067,0,0,0,68.234,45.194,4.9,17.926,14.899,14.705,0,0,386.266,0.964,1.714,2.464,0.75,-1.93,28,354.268,6311414.659,18.121,7.83,3.435,166.009,5.535,0.378,5.535,0.229,0.754,0.229,0.754,-0.378,0.238,109.119,386.524,1,8,1,2,3,0,2,2,7,1,8,0,3,1,2,3,152,19.437,4.682,0,15.067,0,6.421,25.683,20.137,57.018,5.818,5.647,5.948,0,0,5,9.637,0,19.748,7.048,38.146,62.282,6.197,0,0,22.8,14.7,78.273,11.785,0,32.104,6.197,0,11.033,0,11.766,0,0,63.75,7.404,16.418,5.486,0.925,1.874,0.875,8.984,7.735,1.966,0,0.815,0,0,0,0,0,4,0,0,0,0,0,0,0,0,0,6,1,0,0,0,0,0,0,0,0,0,0,0,0,2,1,0,0,0,0,0,1,0,0,0,0,1,0,0,0,0,0,0,0,0,0,0,0,0,0,0,1,0,0,0,0,0,0,0,0,0,0,0,0,0,1,0,0,0,1,0,0,0,0,0,0,0,0,0,0,0.45,0.97,0,0.24,0.81,1659.09,5625.18,6955.9,4.48,0.07
NSC_66754,0.796954,2.315736,1.23,1380.115,27.899,19.462,21.904,12.901,9.148,6.258,4.358,21.904,12.901,9.148,6.258,4.358,12.062,11.471,22.75,48.977,19.18,30.332,24.265,47.202,0,14.384,0,541.254,0.625,1.05,1.425,0.179,-5.39,40,510.368,1689236315,26.226,11.985,6.535,230.308,12.708,0.355,12.708,0.323,0.27,0.323,-0.494,-0.355,-0.805,153.882,541.616,9,12,0,2,2,3,0,3,5,9,12,0,7,0,0,0,204,26.584,25.413,9.589,0,0,0,66.73,35.361,11.127,26.179,0,0,17.578,12.062,5,24.368,0,15.95,0,0,54.494,83.42,0,0,52.39,47.202,62.867,0,0,21.485,66.73,0,0,0,32.339,0,0,163.36,0,44.304,20.1,4.123,1.554,18.438,0,3.476,1.506,0,0.191,0,0,0,0,0,0,0,0,0,0,3,3,0,0,0,0,9,0,0,0,0,0,0,0,0,0,0,5,2,4,0,0,0,0,3,0,0,0,0,0,0,0,0,0,0,0,0,0,0,0,0,0,0,0,0,0,0,0,0,0,0,0,0,0,0,0,0,0,0,0,0,0,0,0,0,0,0,0,0,0,0,0,0,0,2,0.7,0.99,0,0.12,0.89,2989.86,23352.85,26026.41,7.15,0.02
NSC_66761,0.583149,0.689579,1.206,1395.033,25.941,17.851,20.814,12.333,9.468,6.373,4.331,20.814,12.333,9.468,6.373,4.331,0,17.502,34.585,35.888,6.066,12.133,48.531,45.099,5.734,9.589,0,497.253,0.865,1.486,2.027,0.214,-4.66,37,466.355,330729913.4,24.053,10.14,5.453,214.836,12.819,0.398,12.819,0.275,0.227,0.275,-0.341,-0.398,-0.589,144.718,497.603,8,9,0,2,2,3,0,3,5,7,9,0,6,0,0,0,188,16.367,30.207,0,0,0,0,80.578,22.626,16.69,25.173,0,0,23.486,0,5,19.574,0,10.634,0,25.931,29.457,88.984,0,0,40.548,36.986,48.659,0,0,45.69,66.73,0,0,0,17.062,0,0,136.22,0,32.29,12.435,10.412,1.323,20.567,0,5.974,0,0,0.229,0,0,0,1,0,0,0,0,0,0,2,2,0,0,0,0,6,1,0,0,0,0,0,0,0,0,0,2,2,3,0,0,0,0,3,0,0,0,0,0,0,0,0,0,0,0,0,0,0,0,0,0,0,0,0,0,0,0,0,0,0,0,0,0,0,0,0,0,0,0,0,0,0,0,0,0,0,0,0,0,0,0,0,0,0,0.9,1,0.001,0.04,0.98,866.56,24720.52,25172.01,7.38,0.02
NSC_67729,1.254561,0.828107,1.335,885.693,18.64,13.17,15.226,9.182,6.764,4.567,3.165,15.226,9.182,6.764,4.567,3.165,0,6.031,6.042,53.807,0,0,48.531,38.176,0,4.795,0,364.2,0.926,1.519,2,0.25,-3.35,27,340.261,2778779.007,17.083,7.49,4.081,157.548,12.225,0.323,12.225,0.323,0.265,0.308,-0.265,-0.308,-1.42,106.003,364.453,6,7,0,2,2,2,0,2,3,6,7,0,4,0,0,0,138,10.634,20.618,4.795,0,0,0,55.455,11.375,11.127,25.676,0,0,11.671,6.031,4,14.779,0,10.634,0,12.966,30.268,59.658,0,0,29.077,31.252,43.378,0,0,18.051,48.531,0,0,0,16.169,0,0,93.13,0,18.849,12.381,3.646,2.062,15.649,0,4.913,0,0,0.402,0,0,0,0,0,0,0,0,0,0,1,1,0,0,0,0,6,0,0,0,0,0,0,0,0,0,0,2,2,2,0,0,0,0,2,0,0,0,0,0,0,0,0,0,0,0,0,0,0,0,0,0,0,0,0,0,0,0,0,0,0,0,0,0,0,0,0,0,0,0,0,0,0,0,0,0,0,0,0,0,0,0,0,0,1,0.87,1,0.002,0.05,0.97,499.36,10798.11,11175.6,5.74,0.02
NSC_67735,0.967742,0.451613,1.124,1346.788,25.777,17.924,20.814,12.378,9.368,6.219,4.22,20.814,12.378,9.368,6.219,4.22,0,11.938,34.709,35.888,0,24.265,48.531,50.416,0,9.589,0,497.253,0.757,1.297,1.811,0.214,-4.66,37,466.355,359691415,24.053,10.531,5.949,215.046,12.662,0.323,12.662,0.323,0.222,0.322,-0.359,-0.322,0.221,144.993,497.603,7,9,0,2,2,3,0,3,4,7,9,0,6,0,0,0,188,15.95,25.413,4.795,0,0,0,86.644,22.626,11.127,25.173,0,0,17.578,6.031,5,19.574,0,10.634,0,25.931,29.04,89.487,0,0,40.672,36.569,48.783,0,0,35.332,72.796,0,0,0,21.857,0,0,122.23,0,31.795,15.229,4.554,1.777,22.465,0,6.013,0,0,0.263,0,0,0,0,0,0,0,0,0,0,2,2,0,0,0,0,7,0,0,0,0,0,0,0,0,0,0,3,2,3,0,0,0,0,3,0,0,0,0,0,0,0,0,0,0,0,0,0,0,0,0,0,0,0,0,0,0,0,0,0,0,0,0,0,0,0,0,0,0,0,0,0,0,0,0,0,0,0,0,0,0,0,0,0,1,0.9,1,0.001,0.04,0.98,935.38,26973.72,27580.96,7.71,0.02
NSC_70687,1.148936,1.212766,1.217,901.371,20.761,14.67,16.264,9.715,6.77,4.61,3.162,16.264,9.715,6.77,4.61,3.162,12.062,0,11.375,48.977,0,24.265,24.265,42.104,0,9.589,0,408.201,0.667,1.067,1.4,0.2,-4.08,30,384.274,12721203.77,19.246,8.947,4.846,172.779,11.991,0.337,11.991,0.337,0.548,0.307,-0.548,-0.307,-2.594,113.076,408.466,8,10,0,2,2,2,0,2,4,8,10,0,4,0,0,0,154,10.634,20.618,20.441,0,0,0,48.531,11.375,11.127,26.179,0,0,11.671,12.062,4,19.574,0,21.485,0,0,36.813,59.658,0,0,35.108,42.104,49.912,0,0,11.127,48.531,0,0,0,20.964,0,0,134.26,0,30.476,11.811,7.87,1.957,13.65,0,3.57,0,0,0.264,0,0,0,0,0,0,0,0,0,0,2,2,0,0,0,0,8,0,0,0,0,0,0,0,0,0,0,4,2,2,0,0,0,0,2,0,0,0,0,0,0,0,0,0,0,1,0,0,0,0,0,0,0,0,0,0,0,0,0,0,0,0,0,0,0,0,0,0,0,0,0,0,0,0,0,0,0,0,0,0,0,0,0,0,2,0.88,1,0.002,0.04,0.97,660.31,15707.88,16190.25,6.5,0.02
NSC_70691,2.000529,1.857143,1.169,1214.031,24.744,17.636,19.573,11.793,8.316,5.743,3.994,19.573,11.793,8.316,5.743,3.994,12.062,0,22.75,48.977,0,24.265,48.531,41.886,0,9.589,0,484.232,0.583,1,1.361,0.154,-4.86,36,456.34,295984656,22.909,10.599,5.609,207.866,12.6,0.323,12.6,0.323,0.413,0.308,-0.413,-0.308,-0.165,140.492,484.564,8,10,0,2,2,3,0,3,4,8,10,0,6,0,0,0,182,21.267,20.618,9.589,0,0,12.133,60.664,11.375,22.502,26.179,0,0,11.671,12.062,5,19.574,0,10.634,0,0,47.446,83.923,0,0,46.483,41.886,49.912,0,0,11.127,72.796,0,0,0,32.339,0,0,134.26,0,31.754,17.781,4.312,1.976,21.269,0,3.573,0,0,0.247,0,0,0,0,0,0,0,0,0,0,2,2,0,0,0,0,8,0,0,0,0,0,0,0,0,0,0,4,2,4,0,0,0,0,3,0,0,0,0,0,0,0,0,0,0,0,0,0,0,0,0,0,0,0,0,0,0,0,0,0,0,0,0,0,2,0,0,0,0,0,0,0,0,0,0,0,0,0,0,0,0,0,0,0,2,0.59,0.98,0,0.17,0.86,2983.28,16310.52,18822.96,6.44,0.04
NSC_70695,0.260341,0.323601,1.11,1316.531,24.744,17.619,19.573,11.787,8.351,5.698,3.98,19.573,11.787,8.351,5.698,3.98,0,12.062,22.75,48.977,0,24.265,48.531,41.886,0,9.589,0,484.232,0.583,1.056,1.556,0.154,-4.86,36,456.34,288302008.3,22.909,10.599,5.788,207.866,12.439,0.323,12.439,0.323,0.352,0.308,-0.354,-0.308,-0.165,140.492,484.564,8,10,0,2,2,3,0,3,4,8,10,0,6,0,0,0,182,21.267,20.618,9.589,0,0,6.066,66.73,22.75,11.127,26.179,0,0,11.671,12.062,5,19.574,0,10.634,0,0,47.446,83.923,0,0,46.483,41.886,49.912,0,0,11.127,72.796,0,0,0,32.339,0,0,134.26,0,31.36,17.801,4.602,1.959,21.383,0,3.561,0,0,0.247,0,0,0,0,0,0,0,0,0,0,2,2,0,0,0,0,8,0,0,0,0,0,0,0,0,0,0,4,2,4,0,0,0,0,3,0,0,0,0,0,0,0,0,0,0,0,0,0,0,0,0,0,0,0,0,0,0,0,0,0,0,0,0,0,0,0,0,0,0,0,0,0,0,0,0,0,0,0,0,0,0,0,0,0,2,0.88,1,0.001,0.04,0.96,1086.96,24523.67,25466.16,7.48,0.01
NSC_72381,0.459459,0.535135,1.266,1233.203,24.2,17.081,18.874,11.398,8.187,5.808,4.003,19.63,11.776,8.565,6.215,4.301,0,27.964,11.375,48.977,0,18.199,48.531,31.252,11.601,9.589,0,488.172,0.686,1.114,1.486,0.154,-4.17,35,463.779,175910409.1,22.614,9.985,5.022,207.07,12.901,0.322,12.901,0.275,0.098,0.275,-0.389,-0.322,-0.295,136.125,488.979,6,8,0,2,2,3,0,3,4,6,9,0,6,0,0,0,176,10.634,30.207,0,0,0,17.667,60.664,11.375,27.276,26.179,0,0,23.486,0,5,19.574,0,10.634,0,0,36.813,94.006,0,0,46.461,31.252,49.665,0,0,31.843,66.73,5.023,0,0,11.375,0,11.601,110.2,0,32.347,12.335,3.739,1.176,19.816,0,3.54,0,6.492,0.286,0,0,0,0,0,0,0,0,0,0,2,2,0,0,0,0,6,0,0,0,0,0,0,0,0,0,0,2,2,2,0,0,0,0,3,0,0,0,0,0,0,0,0,0,1,0,0,0,0,0,0,0,0,0,0,0,0,0,0,0,0,0,0,0,0,0,0,0,0,0,0,0,0,0,0,0,0,0,0,0,0,0,0,0,0,0.75,1,0.001,0.09,0.94,1644.33,17232.09,18355.43,6.33,0.04
NSC_72382,0.795148,1.415094,1.247,1349.682,24.907,17.602,19.904,11.816,8.435,6.028,4.145,20.721,13.04,9.283,6.806,4.771,0,11.814,22.502,53.873,11.762,18.199,54.787,31.252,0,9.589,0,500.198,0.75,1.278,1.75,0.185,-4.11,36,472.404,297076059.1,23.623,10.656,5.257,213.255,12.981,0.322,12.981,0.275,0.217,0.275,-0.225,-0.322,-0.226,142.896,500.628,6,8,0,2,2,3,0,3,5,6,9,0,7,0,0,0,182,10.634,30.207,0,0,11.762,0,72.986,21.834,16.69,26.179,0,0,23.486,0,5,19.574,0,10.634,0,4.895,43.068,88.984,0,0,46.622,31.252,55.92,0,0,31.843,71.626,0,0,0,11.375,0,11.762,110.2,0,33.174,12.472,4.526,1.566,20.493,1.892,3.614,0,1.43,0.251,0,0,0,0,0,0,0,0,0,0,2,2,0,0,0,0,6,0,0,0,0,0,0,0,0,0,0,2,2,2,0,0,0,0,3,0,0,0,0,0,0,0,0,0,0,0,0,0,0,0,0,0,0,0,0,0,0,0,0,0,0,0,0,0,0,0,0,0,0,0,0,0,0,0,0,1,0,0,0,0,0,0,0,0,0,0.88,1,0.001,0.04,0.98,942.24,21535.74,21990.59,6.86,0.03
NSC_72564,0.343119,0.218349,1.266,1229.061,24.2,17.081,19.073,11.498,8.287,5.915,4.082,19.073,11.498,8.287,5.915,4.082,0,28.629,11.375,48.977,0,18.199,48.531,31.252,5.734,9.589,0,469.222,0.686,1.114,1.486,0.154,-4.66,35,442.333,175910409.1,22.148,9.68,4.836,202.106,12.906,0.397,12.906,0.275,0.126,0.275,-0.382,-0.397,-1.366,135.528,469.549,8,9,0,2,2,3,0,3,5,7,9,0,6,0,0,0,176,16.367,30.207,0,0,0,6.066,60.664,11.375,27.941,26.179,0,0,23.486,0,5,19.574,0,10.634,0,0,42.546,88.984,0,0,40.548,36.986,49.665,0,0,31.843,66.73,0,0,0,17.062,0,0,136.22,0,32.357,12.248,10.143,1.192,19.85,0,3.543,0,0,0.224,0,0,0,1,0,0,0,0,0,0,2,2,0,0,0,0,6,1,0,0,0,0,0,0,0,0,0,2,2,3,0,0,0,0,3,0,0,0,0,0,0,0,0,0,0,0,0,0,0,0,0,0,0,0,0,0,0,0,0,0,0,0,0,0,1,0,0,0,0,0,0,0,0,0,0,0,0,0,0,0,0,0,0,0,0,0.88,1,0.001,0.04,0.98,868.87,19638.98,20092.95,6.77,0.03
NSC_72586,0.340237,0.940828,1.172,1298.035,24.037,17.136,19.073,11.537,8.226,5.703,3.959,19.073,11.537,8.226,5.703,3.959,0,11.938,22.626,48.977,0,24.265,48.531,36.569,0,9.589,0,469.222,0.657,1.2,1.743,0.154,-4.66,35,442.333,185702555.6,22.148,10.084,5.466,202.316,12.744,0.323,12.744,0.323,0.256,0.322,-0.387,-0.322,-0.556,135.803,469.549,7,9,0,2,2,3,0,3,4,7,9,0,6,0,0,0,176,15.95,25.413,4.795,0,0,6.066,66.73,22.626,11.127,26.179,0,0,17.578,6.031,5,19.574,0,10.634,0,0,42.129,89.487,0,0,40.672,36.569,49.789,0,0,21.485,72.796,0,0,0,21.857,0,0,122.23,0,31.774,15.048,4.4,1.736,21.611,0,3.598,0,0,0.262,0,0,0,0,0,0,0,0,0,0,2,2,0,0,0,0,7,0,0,0,0,0,0,0,0,0,0,3,2,3,0,0,0,0,3,0,0,0,0,0,0,0,0,0,0,0,0,0,0,0,0,0,0,0,0,0,0,0,0,0,0,0,0,0,0,0,0,0,0,0,0,0,0,0,0,0,0,0,0,0,0,0,0,0,1,0.79,1,0.001,0.08,0.94,1540.15,19961.51,21176.94,6.94,0.02
ST001786,0.909519,0.862172,1.948,1081.845,21.794,15.08,18.149,11,7.973,5.77,4.488,18.149,11,7.973,5.77,4.488,5.969,5.969,17.92,41.919,31.086,12.133,43.322,4.567,9.474,9.589,0,421.212,1.032,1.774,2.452,0.36,-3.12,31,392.285,14098642.79,21.125,9.35,4.489,181.908,13.147,0.462,13.147,0.34,0.302,0.34,-0.391,-0.462,3.301,118.792,421.517,1,6,0,1,1,2,1,3,5,1,6,0,6,0,1,1,162,18.941,4.795,4.795,0,0,18.199,56.518,17.997,36.47,12.294,0,0,0,11.939,4,23.963,0,4.567,0,39.655,19.696,59.788,0,11.437,22.842,9.637,36.202,16.076,0,49.162,48.531,0,16.59,0,0,5.75,0,61.97,12.937,26.121,0.743,3.399,-0.307,15.528,3.667,6.413,0,0,0.49,0,0,0,0,0,1,0,0,0,0,2,2,0,0,0,1,1,0,0,0,1,0,0,0,0,0,0,0,0,0,0,0,0,0,2,0,1,0,0,0,2,2,0,0,0,0,0,0,0,0,0,0,0,0,0,0,0,0,0,0,0,0,0,0,1,0,0,0,0,1,0,0,0,0,1,0,0,0,0,0,0,0,0,0,0,0.23,0.91,0,0.41,0.73,2473.21,4409.6,6041.3,4.06,0.2
ST002653,1.560944,1.730053,2.568,520.202,10.836,7.165,8.359,4.549,3.23,2.05,1.42,8.359,4.549,3.23,2.05,1.42,0,5.96,5.948,16.597,0,0,31.189,15.285,11.143,0,0,202.109,1.333,2.067,2.8,0.1,-2.17,15,190.145,2758.912,9.388,3.529,1.854,86.857,5.322,0.346,5.322,0.346,0.088,0.291,0.088,-0.291,-0.576,59.018,202.241,5,5,0,0,0,1,1,2,2,3,5,0,1,0,0,0,76,0,11.143,10.301,4.984,0,18.199,12.99,5.386,11.211,0,0,0,5.948,5.96,2,5.409,0,9.968,5.734,6.924,5.317,29.959,0,0,22.811,16.46,15.928,0,6.924,5.694,24.265,0,10.903,0,5.948,0,0,89.42,0,8.512,9.036,7.084,0.51,7.773,0,1.919,0,0,0.426,0,0,0,0,0,2,0,0,0,0,0,0,0,0,0,2,1,2,0,0,0,0,0,0,0,0,0,0,0,1,1,0,0,0,1,0,1,0,0,0,0,0,0,1,0,0,0,0,0,0,0,0,0,0,0,0,0,0,0,0,0,0,0,0,1,0,0,0,0,0,0,0,0,0,0,0,0,0,0,0,0,0,0,0,0,0.46,0.97,0.002,0.23,0.77,347.47,1139.31,1486.78,2.8,0
ST003326,1.172964,1.099916,2.65,561.549,11.707,7.575,9.281,4.966,3.684,2.375,1.634,9.281,4.966,3.684,2.375,1.634,0,5.96,5.948,22.16,0,0,32.047,15.285,11.143,0,0,216.124,1.312,2.062,2.75,0.182,-2.17,16,202.156,4043.563,10.351,3.768,1.791,93.222,5.36,0.346,5.36,0.346,0.09,0.291,0.09,-0.291,-0.268,63.755,216.268,5,5,0,0,0,1,1,2,2,3,5,0,1,0,0,0,82,0,11.143,10.301,4.984,0,18.199,19.411,5.386,11.211,0,0,0,5.948,5.96,2,5.409,0,9.968,5.734,13.847,5.317,29.456,0,0,22.811,16.46,15.928,0,13.847,11.257,18.199,0,10.903,0,5.948,0,0,89.42,0,8.652,9.118,8.275,0.52,5.996,0,3.94,0,0,0.452,0,0,0,0,0,2,0,0,0,0,0,0,0,0,0,2,1,2,0,0,0,0,0,0,0,0,0,0,0,1,2,0,0,0,1,0,1,0,0,0,0,0,0,1,0,0,0,0,0,0,0,0,0,0,0,0,0,0,0,0,0,0,0,0,1,0,0,0,0,0,0,0,0,0,0,0,0,0,0,0,0,0,0,0,0,0.39,0.96,0.002,0.29,0.71,463.6,1154.93,1618.53,2.83,0
ST024061,0.200837,0.937238,1.858,808.185,19.389,13.079,15.043,9.193,6.634,4.728,3.254,15.043,9.193,6.634,4.728,3.254,36.706,5.517,18.14,32.228,10.894,0,0,26.002,4.737,20.114,0,383.204,1.259,2.037,2.741,0.688,-2.05,27,356.213,1623081.682,19.704,8.759,3.965,154.747,12.04,0.394,12.04,0.3,0.106,0.3,-1.283,-0.394,-2.055,95.871,383.429,8,11,0,1,1,0,2,2,9,6,11,0,9,0,1,1,150,36.091,9.362,4.984,4.984,0,6.421,19.262,6.545,19.479,23.959,11.745,5.948,0,5.559,3,25.79,0,19.519,0,50.223,25.013,16.681,0,0,17.112,16.61,72.847,4.737,0,31.911,11.122,0,11.164,0,5.948,0,0,173.16,7.109,22.863,32.937,3.745,0.332,0,0.908,1.106,0,0,0.268,0,3,3,0,0,4,1,0,0,0,0,0,0,0,0,3,2,0,0,0,0,1,0,0,0,0,0,0,0,1,0,0,0,0,0,0,1,0,0,0,0,1,0,0,0,0,0,1,0,0,0,0,0,0,0,0,0,0,0,0,0,0,0,0,0,0,0,0,0,0,0,0,0,0,1,0,0,0,0,0,0,0,0,4,0,0.34,0.95,0,0.32,0.73,1591.99,3697.25,5042.83,3.81,0.07
ST038872,1.162192,1.422898,1.846,1024.487,18.803,13.224,15.658,9.487,6.632,4.998,3.795,15.658,9.487,6.632,4.998,3.795,0,11.471,29.746,30.028,5.563,6.263,44.179,11.383,13.891,4.795,0,366.17,1.074,1.815,2.593,0.318,-2.79,27,342.245,2025788.533,17.615,7.447,3.19,157.462,13.082,0.49,13.082,0.202,0.026,0.202,-0.107,-0.49,2.799,103.603,366.437,2,5,0,1,1,2,1,3,4,1,5,0,5,0,0,0,140,19.208,4.795,0,0,0,12.133,43.676,11.984,30.708,17.888,11.499,5.429,0,0,4,19.208,0,0,0,26.31,19.759,69.575,0,11.499,10.969,20.219,19.759,6.421,0,36.58,51.873,0,10.969,0,0,11.499,0,65.28,17.318,13.082,2.811,3.598,1.493,11.355,2.537,5.973,0,0,0.754,0,0,0,0,0,0,0,0,0,0,0,0,0,0,0,0,0,1,0,0,0,0,0,0,0,0,0,0,0,0,0,0,0,0,2,0,2,0,0,0,0,2,0,0,0,0,0,0,0,0,0,0,0,0,0,0,0,0,0,0,0,0,0,0,1,0,0,0,0,0,0,0,0,0,1,0,0,0,0,0,0,0,0,0,0,0.36,0.96,0.001,0.3,0.84,1474.36,4220.96,5036.85,3.96,0.18
ST044917,1.495388,1.724389,1.335,1942.108,35.266,24.222,30.244,17.169,13.675,10.853,8.434,30.244,17.169,13.675,10.853,8.434,0,17.709,40.918,66.229,32.054,42.659,18.199,38.361,33.158,5.107,0,684.34,0.7,1.36,2.06,0.4,-4.8,50,636.446,1.79E+11,33.686,13.489,5.601,293.533,11.498,0.504,11.498,0.204,0.124,0.204,0.124,-0.504,3.926,189.618,684.83,3,10,1,2,3,4,0,4,8,3,10,0,10,0,0,0,264,48.064,0,0,0,0,6.066,65.073,41.013,69.844,12.587,45.996,5.75,0,0,7,48.064,0,0,0,37.767,69.844,75.845,0,62.873,0,42.958,74.95,25.807,0,45.34,42.465,0,11.127,0,0,51.746,0,93.72,41.661,2.817,11.498,8.735,5.148,14.396,2.446,2.828,14.304,0,0.232,0,0,0,0,0,0,0,1,0,0,0,0,0,0,0,0,2,0,0,2,0,0,0,0,0,0,0,0,0,0,0,0,0,0,4,0,3,0,0,0,0,7,0,0,0,0,0,0,0,0,0,0,0,0,0,6,0,0,0,0,0,0,0,0,0,1,1,0,0,0,0,0,0,0,2,0,0,0,0,0,0,0,0,0,0,0.33,0.94,0,0.33,0.83,5658.61,14693.3,17638.48,5.46,0.22
ST045207,1.409436,2.007919,1.578,1375.664,25.982,17.315,21.068,11.519,8.344,6.274,4.374,21.068,11.519,8.344,6.274,4.374,17.218,18.715,34.361,30.746,38.029,18.662,0,15.201,18.947,14.384,0,503.225,1,1.639,2.222,0.478,-4,36,472.288,129610697.7,25.104,10.318,4.368,206.29,13.278,0.493,13.278,0.338,0.114,0.338,-0.662,-0.493,-1.3,130.468,503.536,2,13,0,1,1,1,2,3,12,1,13,0,8,0,1,1,194,33.731,13.929,9.589,4.984,0,0,12.133,14.095,59.617,6.607,22.663,11.698,5.559,11.659,4,29.059,0,18.685,14.095,6.545,59.015,38.534,0,17.249,23.082,35.676,78.77,25.377,0,10.358,21.722,0,11.164,0,5.948,17.249,0,135.66,25.294,45.621,2.223,-0.203,0.94,2.937,0,3.166,7.688,0,0.372,0,0,0,0,0,4,0,0,0,0,1,1,0,0,0,5,0,1,0,0,0,0,0,0,0,0,0,0,0,1,2,0,0,0,1,0,1,0,0,0,1,4,0,0,0,0,0,1,0,0,0,0,0,0,0,3,0,0,0,0,0,0,0,0,0,0,0,0,0,0,1,0,0,0,1,0,0,0,0,0,0,0,0,0,0,0.15,0.85,0,0.51,0.81,3179.6,5233.79,6512.55,3.96,0.4
ST045323,0.897436,2.010256,1.68,1007.45,20.38,14.075,17.264,10.374,7.721,5.766,4.059,17.264,10.374,7.721,5.766,4.059,0,11.249,24.253,62.75,18.036,7.048,10.906,14.792,9.721,9.589,0,404.24,1.034,1.759,2.483,0.684,-2.62,29,374.255,5976819.797,19.686,8.399,3.805,168.56,12.918,0.373,12.918,0.332,0.295,0.332,-0.351,-0.373,-2.135,110.565,404.495,1,10,0,2,2,0,2,2,8,1,10,0,5,0,2,2,158,14.204,23.821,4.795,4.984,0,0,19.262,27.185,19.759,19.634,11.164,12.287,5.559,5.69,4,9.729,0,23.585,14.095,25.807,50.837,20.838,0,0,23.451,21.141,75.861,25.377,0,19.262,9.589,0,11.164,0,5.948,0,0,91.5,9.97,37.807,0,0.298,0.783,0,5.44,6.342,3.193,0,0.452,0,0,0,0,0,4,0,0,0,0,0,0,0,0,0,6,1,0,0,0,0,0,0,0,0,0,0,0,0,1,1,0,0,0,0,0,1,0,0,0,0,1,0,0,0,0,0,1,0,0,0,0,0,0,0,0,1,0,0,0,0,0,0,0,0,0,0,0,0,1,0,0,0,0,0,0,0,0,0,0,0,0,0,0,0,0.28,0.93,0,0.36,0.75,2128.55,4417.09,5931.7,4.08,0.15
ST049791,1.27968,1.287882,2.074,745.368,16.397,11.135,13.113,7.462,5.51,4.237,3.123,13.113,7.462,5.51,4.237,3.123,0,16.653,11.499,24.092,11.63,26.352,18.199,5.317,9.474,10.114,0,315.134,1.174,1.913,2.609,0.294,-2.6,23,296.197,207222.748,15.302,6.257,2.85,133.737,11.024,0.493,11.024,0.269,0.026,0.269,-0.359,-0.493,1.821,84.982,315.349,2,6,0,1,1,2,0,2,4,1,6,0,4,0,0,0,120,14.791,10.114,0,0,0,12.133,17.696,29.68,25.688,6.042,11.499,0,5.687,0,3,19.714,0,0,0,12.463,20.764,63.203,0,11.499,5.687,14.791,25.688,6.421,10.114,22.732,36.398,0,0,0,5.687,11.499,0,78.21,10.771,10.665,13.226,3.354,1.392,10.836,0.932,0.926,3.233,0,0.689,0,0,0,0,0,0,0,0,0,0,0,0,0,0,0,1,0,1,0,0,0,0,0,0,0,0,0,0,0,0,0,0,0,0,2,0,1,0,0,0,0,2,0,0,0,0,0,0,0,0,0,0,0,0,0,2,0,0,1,1,1,0,0,0,0,0,0,0,0,0,0,0,0,0,1,0,0,0,0,0,0,0,0,0,0,0.45,0.97,0.001,0.24,0.86,973.32,3500.48,4057.21,3.79,0.15
ST049792,1.613829,2.009464,2.112,654.479,14.82,10.241,12.297,7.103,5.217,4.068,3.02,12.297,7.103,5.217,4.068,3.02,0,6.042,5.75,30.028,11.127,20.286,30.332,5.317,9.474,5.107,0,286.144,1.048,1.762,2.476,0.294,-2.2,21,266.191,85382.176,13.768,5.657,2.426,123.879,10.14,0.507,10.14,0.161,0.092,0.161,0.092,-0.507,1.618,79.992,286.351,3,4,0,1,1,2,0,2,3,2,4,0,3,0,0,0,110,19.897,0,0,0,0,12.133,29.829,11.984,26.328,11.791,11.499,0,0,0,3,19.897,0,0,0,12.463,20.764,53.089,0,17.249,0,14.791,25.871,6.421,0,22.732,36.398,0,0,0,0,17.249,0,55.3,10.798,0,12.393,3.37,1.822,11.68,0.986,0.988,3.297,0,0.901,0,0,0,0,0,0,0,1,0,0,0,0,0,0,0,0,0,1,0,0,0,0,0,0,0,0,0,0,0,0,0,0,0,0,2,0,1,0,0,0,0,2,0,0,0,0,0,0,0,0,0,0,0,0,0,2,0,0,0,0,0,0,0,0,1,1,1,0,0,0,0,0,0,0,1,0,0,0,0,0,0,0,0,0,0,0.36,0.96,0.001,0.3,0.84,833.19,2354.82,2817.98,3.36,0.19
ST049942,0.840689,0.959647,2.074,714.408,16.397,11.173,13.628,7.626,5.583,4.369,3.183,13.628,7.626,5.583,4.369,3.183,0,11.791,11.499,29.842,5.563,27.396,24.265,5.317,14.211,5.107,0,316.154,0.957,1.696,2.348,0.333,-2.4,23,294.201,210415.389,15.494,6.38,2.796,135.357,10.372,0.507,10.372,0.161,0.032,0.161,0.032,-0.507,1.627,86.544,316.377,3,5,0,1,1,2,0,2,4,2,5,0,4,0,0,0,122,24.634,0,0,0,0,0,29.829,18.051,33.438,17.541,11.499,0,0,0,3,24.634,0,0,0,12.463,27.874,47.022,0,22.998,0,19.527,32.981,6.421,0,22.732,30.332,0,0,0,0,22.998,0,64.53,15.995,0,12.604,3.249,2.341,9.522,0.961,0.957,4.871,0,0.9,0,0,0,0,0,0,0,1,0,0,0,0,0,0,0,0,0,1,0,0,0,0,0,0,0,0,0,0,0,0,0,0,0,0,2,0,1,0,0,0,0,3,0,0,0,0,0,0,0,0,0,0,0,0,0,3,0,0,0,0,0,0,0,0,0,1,1,0,0,0,0,0,0,0,1,0,0,0,0,0,0,0,0,0,0,0.39,0.96,0.001,0.28,0.85,1047.57,3210.08,3784.32,3.7,0.18
ST050757,1.134031,0.933873,2.135,968.814,21.836,14.383,17.638,9.734,7.424,5.172,3.573,17.638,9.734,7.424,5.172,3.573,17.708,11.356,35.715,4.9,12.01,55.641,14.095,0,9.474,14.696,0,411.191,1.1,1.8,2.4,0.304,-3.32,30,384.262,5498769.784,21.39,9.004,4.019,175.671,13.326,0.503,13.326,0.29,0.059,0.29,-0.759,-0.503,1.427,112.105,411.478,2,7,0,1,1,2,0,2,5,2,7,0,8,0,0,0,158,24.38,9.589,0,0,0,30.332,12.133,17.193,53.019,11.499,11.542,0,5.907,0,3,29.069,0,4.9,0,6.042,41.404,70.99,0,11.499,11.69,14.374,63.101,4.795,0,21.963,59.863,0,0,0,0,11.499,0,80.51,10.814,28.962,10.716,1.08,-0.39,13.098,0,1.025,7.029,0,0.643,0,1,1,0,0,0,0,0,0,0,2,2,0,0,0,1,1,0,0,1,0,0,0,0,0,0,0,1,0,0,0,0,0,0,2,0,0,0,0,0,0,2,0,0,0,0,0,0,0,0,0,1,1,0,0,2,0,0,0,0,0,0,0,0,0,0,0,0,0,0,0,0,0,0,1,0,0,0,0,0,0,0,0,0,0,0.16,0.86,0,0.5,0.72,2568.89,3679.44,5112.73,3.84,0.29
ST057111,1.204665,1.550038,1.858,815.636,17.552,12.113,13.447,8.262,6.269,4.739,3.429,13.447,8.262,6.269,4.739,3.429,36.706,5.517,11.596,26.179,6.327,4.567,4.9,20.269,4.737,20.114,0,353.157,1.32,2.08,2.76,0.643,-2.05,25,332.191,881386.196,16.42,6.35,2.601,141.431,12.084,0.394,12.084,0.3,0.143,0.3,-1.263,-0.394,-3.885,85.031,353.359,6,11,0,2,2,0,2,2,9,5,11,0,3,0,2,2,136,35.257,9.362,4.984,4.984,0,0,0,0,39.113,23.959,11.745,5.948,0,5.559,4,25.373,0,19.519,0,24.54,37.686,16.681,0,0,17.112,15.776,85.936,4.737,0,6.228,11.122,0,11.164,0,5.948,0,0,153.34,7.232,25.089,32.023,0.022,0.472,0,-3.118,2.781,0,0,0.375,0,3,3,0,0,4,1,0,0,0,0,0,0,0,0,4,1,1,0,0,0,1,0,0,0,0,0,0,0,1,0,0,0,0,0,0,1,0,0,0,0,1,0,0,0,0,0,1,0,0,0,0,0,0,0,0,0,0,0,0,0,0,0,0,0,0,0,0,0,0,1,0,0,0,1,0,0,0,0,0,0,0,0,0,0,0.21,0.89,0,0.45,0.67,1580.17,2359.93,3523.41,3.35,0.17
ST057338,1.967734,2.00532,2.114,925.728,19.999,13.587,17.401,9.754,7.53,6.34,4.998,17.401,9.754,7.53,6.34,4.998,0,0,12.587,53.511,27.154,28.439,0,24.914,18.947,0,0,386.219,1,1.679,2.286,0.455,-2.44,28,356.252,2729808.843,18.902,7.185,2.551,165.68,5.937,0.493,5.937,0.17,0.384,0.17,0.384,-0.493,0.798,106.581,386.492,4,6,1,1,2,2,0,2,4,2,6,0,5,0,0,0,150,29.581,0,0,0,0,0,28.823,23.969,47.595,12.587,22.998,0,0,0,4,29.581,0,0,0,25.428,42.032,34.387,0,34.125,0,29.581,42.032,19.386,0,28.296,12.133,0,11.127,0,0,22.998,0,69,22.943,1.524,0,11.673,3.103,4.574,1.992,1.787,9.071,0,0.798,0,0,0,0,0,0,0,0,0,0,0,0,0,0,0,0,1,0,0,1,0,0,0,0,0,0,0,0,0,0,0,0,0,0,2,0,2,0,0,0,0,4,0,0,0,0,0,0,0,0,0,0,0,0,0,4,0,0,0,0,0,0,0,0,0,0,0,0,0,0,0,0,0,0,2,0,0,0,0,0,0,0,0,0,0,0.32,0.94,0,0.33,0.72,1657.14,3580.91,4993.1,3.79,0.08
ST074710,1.166063,1.158213,1.415,1088.933,19.51,13.602,16.072,9.689,7.605,5.453,3.953,16.072,9.689,7.605,5.453,3.953,0,5.626,5.583,61.345,10.463,6.066,37.256,23.102,9.679,4.795,0,374.186,1.143,1.964,2.75,0.304,-2.94,28,350.272,2887688.261,18.425,7.972,4.141,163.962,11.953,0.423,11.953,0.336,0.283,0.336,-0.283,-0.423,1.874,108.056,374.464,1,5,0,1,1,2,1,3,4,1,5,0,4,0,1,1,142,9.317,4.9,4.795,5.262,0,24.265,36.25,36.65,24.722,12.128,0,0,0,5.626,4,9.317,5.262,4.9,0,20.013,26.179,81.205,0,6.069,10.969,10.525,31.079,13.09,18.255,22.254,57.743,0,10.969,0,0,0,0,61.68,5.374,15.886,10.082,4.45,0,17.755,0,7.787,0,0,0.709,0,0,0,0,0,0,0,0,0,0,0,0,0,0,0,2,1,0,0,0,0,0,0,0,0,0,0,0,0,0,1,0,0,0,2,0,1,0,0,0,0,0,0,0,0,0,0,0,0,0,0,0,0,0,0,0,0,1,0,0,0,0,0,0,0,0,0,0,0,0,1,0,0,0,1,0,0,0,0,0,0,0,0,0,0,0.59,0.98,0.001,0.17,0.91,1256.24,7224.17,7862.8,4.82,0.12
ST074716,1.40625,1.740461,1.409,1037.25,20.924,14.64,17.649,10.528,7.733,5.681,4.071,17.649,10.528,7.733,5.681,4.071,0,5.626,12.19,61.717,5.563,18.076,37.256,17.033,13.891,4.795,0,409.212,1.033,1.767,2.467,0.375,-2.83,30,380.274,8175905.089,20.443,9.323,4.831,176.162,12.028,0.497,12.028,0.336,0.301,0.336,-0.301,-0.497,2.101,116.325,409.506,1,6,0,1,1,2,1,3,5,1,6,0,7,0,1,1,158,18.791,4.9,4.795,0,0,0,54.952,36.65,26.806,23.627,0,0,0,5.626,4,18.791,0,4.9,0,20.013,39.896,70.078,0,11.499,10.969,19.999,44.796,13.09,0,18.051,57.743,0,10.969,0,0,11.499,0,56.35,16.251,16.02,0.952,2.644,1.694,15.591,0,8.489,1.691,0,0.606,0,0,0,0,0,0,0,0,0,0,0,0,0,0,0,1,1,0,0,0,0,0,0,0,0,0,0,0,0,0,0,0,0,0,2,0,1,0,0,0,0,2,0,0,0,0,0,0,0,0,0,0,0,0,0,1,0,0,0,0,0,0,0,0,0,0,0,0,0,0,1,0,0,0,1,0,0,0,0,0,0,0,0,0,0,0.57,0.98,0.001,0.18,0.91,1626.09,8789.7,9674.41,5.13,0.12
D724-0097,1.2825,1.233125,2.33,975.31,17.974,12.079,15.057,8.546,6.575,4.499,3.196,15.057,8.546,6.575,4.499,3.196,0,0,17.631,41.068,4.9,0,37.265,36.461,4.984,5.262,0,334.203,1.36,2.12,2.8,0.3,-2.84,25,310.255,556625.128,16.998,6.957,2.968,147.748,9.721,0.365,9.721,0.157,0.636,0.157,0.636,-0.365,1.953,102.218,334.447,2,5,0,0,0,1,2,3,4,2,5,0,6,0,0,0,128,10.217,4.401,4.984,5.262,6.579,18.209,31.041,5.563,43.782,11.887,5.647,0,0,0,3,4.9,5.262,9.385,0,13.345,32.502,53.611,0,6.069,22.498,10.217,36.57,6.421,18.255,16.69,36.92,0,16.681,0,5.818,0,0,57.56,2.088,6.105,13.309,5.348,1.015,10.36,2.594,7.739,4.275,0,0.678,0,0,0,0,0,2,0,0,0,0,0,0,0,0,0,3,2,0,0,1,0,0,0,0,0,0,1,0,0,1,0,0,0,0,1,0,3,0,0,0,0,0,0,0,0,0,0,1,0,0,0,0,0,0,0,0,0,1,0,0,0,0,0,0,2,0,0,0,0,0,0,0,0,1,1,0,0,0,0,0,0,0,0,0,0,0.18,0.86,0,0.5,0.66,1707.18,2245.58,3445.24,3.45,0.21
ciprofloxacin,1.239171,1.165532,1.949,882.76,16.845,11.559,13.127,8.224,6.472,4.808,3.392,13.127,8.224,6.472,4.808,3.392,22.779,11.428,11.204,39.021,12.263,10.633,4.9,5.317,0,19.086,0,331.133,1.25,1.958,2.583,0.412,-2.41,24,313.203,672746.571,15.137,5.592,2.448,137.043,14.602,0.545,14.602,0.198,0.105,0.198,-1.521,-0.545,-0.778,84.64,331.347,2,6,1,1,2,1,1,2,5,1,7,0,3,1,1,2,126,24.685,4.795,4.39,0,0,0,24.974,17.625,48.916,5.817,5.429,0,0,0,4,19.608,0,4.567,0,18.883,31.079,39.934,0,0,22.56,20.752,36.715,0,5.817,29.241,23.124,0,10.903,0,10.078,0,0,81.98,16.395,25.591,13.517,-0.016,-2.008,3.032,3.203,3.285,0,0,0.8,0,0,0,0,1,1,0,0,1,1,1,1,0,0,0,2,0,1,0,0,0,0,0,0,0,0,0,0,0,1,0,0,0,0,1,0,1,0,0,0,0,0,0,0,1,0,0,0,0,0,0,0,0,0,0,0,0,0,0,0,0,0,0,0,0,0,0,0,0,0,1,0,0,1,1,0,0,0,0,0,0,0,0,0,0,0.45,0.97,0.001,0.24,0.82,1013.06,3494.43,4263.15,3.74,0.09
linezolid,0.736428,1.344304,1.692,633.749,17.104,11.542,13.457,7.892,5.789,4.047,2.821,13.457,7.892,5.789,4.047,2.821,12.197,24.814,37.678,0,17.89,12.133,4.9,5.317,9.474,13.979,0,337.144,1.375,2.125,2.792,0.5,-2.35,24,317.191,354672.958,16.506,7.042,3.587,138.854,14.448,0.442,14.448,0.414,0.189,0.414,-0.538,-0.442,1.124,85.731,337.351,1,7,0,2,2,1,0,1,5,1,8,0,4,0,2,2,130,19.69,9.694,9.185,0,0,0,18.199,20.013,37.678,11.921,0,5.907,0,6.093,3,23.453,0,5.317,0,13.028,49.193,24.016,0,0,23.375,15.117,57.497,14.268,5.817,6.924,18.199,0,0,0,20.56,0,0,71.11,24.904,26.202,2.608,0.948,-0.571,4.715,-0.979,4.34,0,0,0.892,0,0,0,0,0,0,0,0,0,0,2,2,0,0,0,2,1,0,0,0,0,0,0,0,0,0,0,2,0,2,0,0,0,0,1,0,0,0,0,0,0,2,0,0,1,0,0,0,0,0,0,0,0,0,1,0,1,0,0,0,0,0,0,0,0,0,0,0,0,0,0,0,0,0,0,0,0,0,0,0,0,0,0,0,0,0.69,0.99,0.002,0.12,0.92,712.24,5643.61,6110.55,4.43,0.06
